name,age,street,city,state,zip,lng,lat
Natasha Mason,77,779 Miller Parkway,East Kayla,Maine,32397,-133.294139,-66.6260085
Todd Campbell,19,315 Garcia Landing,South Debra,Ohio,14504,-144.951411,-69.0483225
Brett Zimmerman,57,1622 Chad Forks Apt. 684,Coreyside,Maine,05984,92.027705,-49.758472
Ricardo Miller,31,09213 Buckley Forge Apt. 163,New Mark,Oklahoma,26060,60.831755,14.5834105
Taylor Peters,63,8585 Alan Isle,Lake Larry,Arkansas,63005,71.447389,-87.366151
Cynthia Wagner,23,3562 Brian Expressway,South Jonathan,Oregon,59875,39.042035,61.4502165
Roberto Thompson,56,85644 Jason Alley,Thompsonburgh,Washington,73267,-160.265416,61.6261485
Shelly Pearson,35,4778 Gibson Burgs Suite 021,Brockton,Utah,38108,53.884857,-72.1870805
Robin Smith,18,182 Davila Isle Apt. 890,East Aaron,West Virginia,06826,2.249031,40.288018
Evelyn Braun,78,9543 Kaitlyn Track,East Brentside,Louisiana,47382,-80.527622,56.854841
Ruben Gibbs,70,3909 Melton Islands Suite 171,New Michael,South Carolina,80694,-145.618774,77.142047
Erika Bates,74,6577 Samuel Road,North Tinafort,South Dakota,24854,-7.578056,-14.8514855
Robin Tucker MD,63,659 Robles Prairie Apt. 368,Lake Benjaminfurt,Nebraska,30547,-58.917020,-26.6805155
Steven Diaz,54,736 Wells Terrace,Kellyfort,Idaho,19340,-22.548546,12.712414
Jacob Sweeney,54,1758 Kevin Junctions Suite 202,Lake William,Vermont,11062,140.459308,-12.9325905
Ashley Guzman,67,070 Kyle Estate,West Mitchellmouth,Utah,29255,-48.282347,28.3037955
Peggy Henry,41,3435 Sullivan Meadows,Diazshire,Vermont,45670,131.875709,-1.5720655
Larry Schultz,42,154 Richard Heights,Dustinview,Iowa,95568,-49.527162,74.0296015
Peter Edwards,30,411 Alan Crest,North Bonnie,Virginia,86968,-1.245382,-45.5170055
Paul Mcdonald,56,5786 Tara Pines Apt. 864,Sydneychester,Florida,29745,-108.313048,3.6965795
Gina Doyle MD,33,67846 Kimberly Roads,Woodsmouth,Ohio,08964,74.318276,35.1292585
Dawn Porter,46,7036 Welch Lock,Hodgesstad,Wyoming,47241,-18.703034,37.7616415
Connor Arellano,18,826 Welch Dam Suite 638,Roseburgh,Montana,64599,-106.802204,-59.5637955
Samuel Rice,40,72425 Carla Loop,Robertsonmouth,Nevada,85446,-99.611037,-29.3761655
Vincent Lopez,47,03895 Daniel Freeway,Lake Joshuatown,Nebraska,45016,-26.836416,-23.4295005
Teresa Wright,71,33042 Alexandra Spur,Stephenborough,Indiana,26161,139.789168,-52.205261
Walter Flynn,57,11127 Brenda Loaf Apt. 756,East Jessicatown,Colorado,01124,-154.913787,-23.6300735
Alan Jones,66,581 Spencer Court Suite 720,Maryborough,Alaska,33282,144.277473,-83.1928485
Jeanette Castro,40,586 John Spring,Douglasmouth,Alaska,08998,-30.180102,80.7172965
Taylor Snow,36,77473 Rachel Mountains Apt. 612,New Lauren,Florida,13001,43.304695,56.4602785
Clinton Hardin,49,114 Clark Views,Dustinshire,California,45138,-66.944740,54.264883
Melissa Zhang,62,7059 Cannon Landing,Port Brenda,Arkansas,65926,119.503033,5.946550
Susan Gonzales,75,5617 Morgan Crossing Suite 715,West Kimberly,Washington,04393,125.912777,-47.705291
Frank Lynch,43,37256 Heidi Fort,Port Judyborough,Mississippi,94099,-0.397186,-12.316115
Antonio Patton,19,967 Noble Drive Suite 064,West Sydney,Arkansas,76159,174.873569,-68.389679
Brittany Nielsen,27,61918 Wallace Keys Apt. 403,New Michaelmouth,Indiana,42268,44.951660,-87.0228095
Kathy Sullivan,56,9372 Campbell Crossroad,Henryhaven,Colorado,54274,86.775535,22.681422
Jose Armstrong,42,901 Cisneros Cliff,Port William,New Hampshire,41428,179.569572,-66.623494
Melissa Butler,24,376 Wood Crest Apt. 161,New Mariah,South Carolina,97988,118.833606,86.0508255
Michael Arnold,68,1524 Lindsay Divide,Lorrainefort,Ohio,89188,-19.474869,66.444022
Hannah Moody,61,422 Adam Station Apt. 655,Port Nicole,Utah,65742,-113.846580,48.7672275
Cynthia Kennedy,63,796 Mark Knoll,Andrewborough,Pennsylvania,61468,59.518716,42.5994785
Kyle Howard,20,778 Brandt Cape Suite 364,Lake Amber,Florida,41228,-134.776773,-2.0410665
Joan Ware,31,5462 Pearson Common Suite 424,Lake Gina,Ohio,22190,69.039786,-78.1491955
Joshua Newman,38,87678 John Way Suite 975,Port Samantha,Delaware,03091,-34.917389,-28.1846525
Tammy Brooks,30,909 Andrea Crossroad,North Willieview,Texas,18585,-165.040403,-86.269021
Jason Ayers,62,5362 Jennifer Gardens Suite 587,Wilcoxview,New Mexico,60930,169.044067,-69.4259245
George Grant,32,462 Amy Union Apt. 031,New Joshua,Alabama,89641,99.929728,-58.0550035
Cameron Collins,35,495 Linda Mills,Micheleside,Idaho,99909,146.661313,61.7574195
Catherine Black,20,478 Coleman Forge,East Jamesfort,Kansas,80443,150.823861,25.142472
Kelsey Johnson,60,451 Michelle Vista,Marthaview,Alabama,58651,-93.402011,-53.759367
Kendra Williams,64,130 Monique Spur,East Jonborough,Rhode Island,64220,-36.474193,68.5257065
Amber Davidson,34,683 Gonzalez Pine,East Courtneymouth,Pennsylvania,44253,106.972340,79.031741
Stacy Moore,45,4332 Smith Parkway,Port Tina,Delaware,64303,40.542956,-21.858966
Anita Caldwell,25,1195 Saunders Ramp,Murphyview,Arkansas,21189,-14.729992,-17.155190
Eric Johnson,24,43363 Steven Parkways,Timothymouth,Maryland,02046,-177.890702,-38.426688
Barbara Shaffer,68,122 Jessica Island,Lake Carla,Ohio,97159,36.656707,-4.4254055
Anthony Brewer,67,5800 Jessica Run Suite 992,Lake Maryhaven,Indiana,31235,132.540801,-88.787094
Jeffery Mitchell,55,25684 Gabrielle Spurs,New Wendyburgh,Vermont,30543,176.579870,-0.233231
Miss Samantha Carroll,29,48473 Kenneth Trail,Lake Crystalhaven,North Carolina,92065,108.426144,-41.8834835
Mrs. Jennifer Thomas,19,2653 Carlos Village,New Elizabethburgh,Iowa,95504,-89.580200,-8.357402
Perry Carr,45,823 Long Common,Edwardbury,California,40257,51.431777,41.1741225
Jeffrey Scott,71,92274 Megan Stravenue,Michellemouth,Kentucky,04196,166.917967,-63.4769755
Kyle Taylor,67,847 Mark Hollow,Lisabury,Arizona,10986,113.339093,-36.3798995
Brooke Skinner,40,79232 John Extensions Apt. 129,Nicholsmouth,Iowa,77037,78.848143,-34.564804
Rachel Bennett,69,0323 Stevenson Streets,Port Johnshire,New Mexico,14781,170.272722,-9.659188
Lisa Watson,48,434 Ramos Neck Suite 413,Lake Brandonchester,Massachusetts,26220,28.031999,-70.3951995
Thomas Watts,19,674 Lee Alley,Fischerbury,New Mexico,82418,-33.736696,65.9880075
Sara Jones,23,00860 Miller Stream Apt. 100,North Jonathanport,Ohio,96470,-141.595996,38.073996
Frederick Parker,35,462 Nolan Villages Apt. 995,Lovemouth,New York,99712,-159.745518,86.860110
Amanda Taylor,50,9731 Erica Islands,Fisherhaven,Maryland,71523,21.662117,51.289137
Amy Duffy,68,20647 Simon Fork,Billymouth,Idaho,31261,22.562409,-21.969611
Kathryn Williams,22,52770 Johnathan Plaza,Kathyhaven,North Carolina,25285,-156.872990,26.677835
Kendra Bautista,77,6704 Stafford Skyway,Port Keithside,New Mexico,33707,151.141736,43.180983
Kaylee Wolf,48,106 Joshua Union,Leonburgh,Oklahoma,87735,-146.890654,8.995091
Stephanie Lewis,60,8977 Lisa Junctions Suite 472,Port Jeffrey,New Mexico,68439,-63.611142,51.9293865
James Frank,37,58040 Powell Dale,South Nicholas,North Carolina,37639,-109.606563,11.901279
Joseph Schaefer,52,2116 James Stravenue Suite 795,West Stephenfurt,Iowa,63751,98.866916,68.6637035
Amy Collier,42,82085 Sandra Locks,Angelafurt,Utah,51485,-100.723150,-85.973277
Danny Ponce,41,6461 Lopez Wells,Rhodesside,Mississippi,62573,-172.913045,29.874839
David Vasquez,25,54433 Jessica Mission,Woodstad,Idaho,18502,164.462210,-13.5017055
William Anderson,36,35650 White Street Apt. 010,Mileschester,Georgia,70150,-108.932362,41.3941595
Roberto Gonzales,61,006 White Lock Suite 051,Sonyafurt,Louisiana,74932,-146.120776,38.3613795
Kyle Li,42,93479 Raymond Mountains Apt. 296,Stewartburgh,Iowa,82065,2.453681,49.241000
Timothy Mullins,56,5342 Lori Village Suite 173,Bradshawborough,Alabama,31176,0.887493,17.808346
Claudia Kirby,68,3619 Laura Run,Christophermouth,Connecticut,41795,-20.571693,43.677600
Erik Bryant,50,316 Emily Spur,West Robertborough,Maryland,74124,103.693150,48.5210535
Crystal Perez,20,3933 Gregory Views,Claudiaberg,New Jersey,07605,161.528792,77.3950595
Lawrence Mitchell,22,270 King Haven Apt. 804,South Diana,North Carolina,07667,38.592775,-18.3127575
Alejandro Mendez,74,95800 Hooper Brooks Suite 880,East Bradley,Wisconsin,23264,-16.715223,-10.6334695
John Kennedy,23,508 Winters Ramp,East Jennifer,Ohio,11654,45.784471,34.0904855
Amy Smith,46,2941 Anderson Falls Apt. 633,North Laurenchester,Washington,27126,4.532807,40.176349
Darren Reese,36,30310 Coffey Coves,Brandonland,Oklahoma,70452,-93.716719,32.705975
Gregory Hill,56,3171 Gonzales Shoal,Beasleyburgh,Maine,53423,-56.168280,28.781344
Julia Brown,49,74634 Thompson Road Apt. 934,Austinland,Maine,44617,23.826115,-11.3044255
Timothy Gomez,58,57099 Williams Hills Apt. 318,Smithport,Georgia,11916,-24.313657,-18.6864145
Anthony Garza,18,750 Wendy Prairie Suite 249,Pattersonfort,Georgia,63950,79.522453,-29.046993
Anthony Gibson,65,7556 Victoria Well,Haleburgh,Nevada,08102,14.893092,51.6049675
Daisy Ortega,69,5549 Huber Ranch,New Theresa,Ohio,02731,-92.493634,-76.432686
Eric Carter,38,302 Margaret Walks Suite 645,Lake Heathermouth,Pennsylvania,63552,-171.773351,-38.774846
Lorraine Terry,58,9816 Brenda Shores,Lake Manuelfort,Hawaii,51460,-28.061751,21.9161245
Arthur Dunn,79,651 Alvarez Parkways Suite 776,North Brianna,Georgia,55526,-49.966992,35.541595
Ashley Levy,78,8926 Jeremiah Gateway,Davidmouth,New Hampshire,52997,-109.412244,44.0482335
Tommy Warren,21,30160 Rodney Fall,Daniellebury,West Virginia,09465,-124.257945,-76.8709735
Rodney Anderson,48,8622 Michael Well Suite 271,Moodyview,Wyoming,92733,114.635954,-35.139669
Scott Anderson,62,8451 Bennett Turnpike Suite 767,Kennethton,North Dakota,11509,63.150005,-58.1994725
Nancy Dickson,55,225 James Falls Apt. 530,Tuckerchester,New Jersey,46387,8.774259,-8.044500
Mr. Andrew Lane,41,39079 Rodney Plaza,Finleyport,South Carolina,04673,140.691217,60.0351495
Margaret Clark,41,62311 Douglas Brook Suite 180,West Stanleymouth,New Hampshire,38130,113.379961,78.5320305
Jeffery Phillips,32,762 Alicia Rapids Apt. 689,Julieton,Kansas,68199,88.613918,-33.623997
Gail Clark,78,278 Kristin Cliff Apt. 815,West Marissahaven,Pennsylvania,27003,-69.660930,-24.8191945
Melvin James,71,6903 Carl Bypass Apt. 635,Lake Rachelfort,New Mexico,35485,-111.239870,-41.5832405
Sherry Brown,41,3237 Steven Spring,North Christina,North Dakota,84622,-71.588767,-8.6798245
Denise Gutierrez,44,65304 Michael Field Suite 895,South Michaelshire,Louisiana,55228,-163.545352,-55.503641
Samuel Taylor,73,3919 Thompson Mount,Saramouth,Georgia,64074,-37.993463,-60.6314035
Kimberly Owen,79,1044 Ibarra Mills Suite 213,North Melanie,West Virginia,51680,-150.993278,-57.278659
Joseph Barr,69,283 Conley Hollow Suite 698,North Christopherview,Virginia,99428,104.946802,2.7252035
Brandon Johnson,47,78465 Albert Groves Apt. 206,Rojasport,Maryland,41265,-71.274793,63.280989
William Miller,72,15474 Pollard Hollow,Port Morgan,North Carolina,20295,32.341945,-8.938570
Taylor Wolf,24,4685 Bryan Isle Apt. 229,Lake Joseph,Virginia,53414,37.674330,-69.431523
Francis Hurst,31,172 Linda Key Apt. 664,Clarkbury,Texas,89043,-58.585162,-46.2134095
Vanessa Calderon,77,74520 Kylie Overpass Apt. 795,Port Alexandraport,Pennsylvania,18890,67.166970,-63.1534295
Shelby Owens,73,38713 Teresa Meadows,Mollychester,New Mexico,26740,18.665392,56.6545885
Amy Alvarado,48,6725 Jason Common Suite 043,Troychester,Michigan,89203,27.988433,-9.623711
Jared Smith,49,532 Timothy Row Suite 071,West Phillip,North Dakota,69406,-15.008375,-49.137728
Randy Scott,29,76210 Dawn Hill Suite 783,North Tylerport,Ohio,86723,-168.904297,5.6361765
Angela Thompson,44,8525 Kelley Vista,Jerryfort,Washington,89432,179.880185,16.2756755
Michaela Kemp,23,42776 Sullivan Springs,Jaredmouth,Florida,20983,-31.761009,44.1461875
Glen Perry,39,462 Fernandez Orchard,Josephmouth,New Hampshire,51712,98.834179,-6.389603
Michelle Burnett,43,62333 Sparks Orchard Apt. 279,Port Michael,Illinois,73539,145.858683,5.154525
James Kerr,78,571 Marks Lock,West Danielleville,Wisconsin,07512,-135.467243,4.794132
Brady Rios,56,04716 Snow Plain Apt. 831,Delacruzfurt,Wyoming,07922,-46.165992,-12.511972
Stacey Benton,75,896 Davis Prairie Suite 229,Carolinefurt,West Virginia,60727,11.423760,48.318013
Spencer Mclean,67,42236 Smith Run Suite 414,Juliemouth,Colorado,99733,-20.198039,79.565642
Tracy Martin,74,20472 Robinson Stravenue,West Holly,Missouri,92647,0.594412,7.1809405
Laura Hoffman,31,832 Jennifer Inlet,Blackfurt,Alabama,08930,-31.161481,78.7082895
Rhonda Graham,27,863 Scott Shores Apt. 062,Nicolefurt,Ohio,98383,171.952037,-9.468465
Kathleen Schneider,64,847 Bradley Circle Apt. 750,North Marytown,Missouri,02615,151.899112,-88.8208325
Jennifer Ruiz,51,7531 Thomas Islands,Millerberg,Washington,58965,65.029206,81.9097305
Michelle Cantrell,60,358 Hubbard Pike Apt. 819,Port Christopherton,Louisiana,45162,-17.673627,79.3405315
Chelsea Williams,32,4381 Bryan Overpass Apt. 251,Smithstad,Oklahoma,76138,43.503078,-7.1539475
Melissa Wright,39,74550 Stephen Valley,Port Suzanneberg,Tennessee,93378,-107.996062,3.0934655
Hailey Diaz,44,35172 Gregory Drive Suite 252,South Mikestad,Colorado,35934,130.226839,4.1350075
Brian Cook,45,72109 White Ports,West Tiffany,West Virginia,92299,-117.295241,56.814103
Kevin Anderson,72,129 Hunter Lights Suite 827,New Brianside,Kentucky,69365,-1.188806,-11.981755
Andre Jones,38,0819 Erin Road Apt. 717,Nguyenview,Florida,89070,-178.585269,50.3347475
Michael James,61,05277 Rodriguez Fort Apt. 174,South Courtney,Kansas,87492,73.699509,55.449776
Todd Alvarez,57,33167 Johnson Port,Ronaldfurt,New Hampshire,91556,155.369465,14.443209
Sara Gillespie,72,05011 Stewart Courts Apt. 409,Kyleborough,Maine,86751,-51.490814,36.824151
Stacy Lowe,53,941 Collins Centers,West Sheilaport,Florida,12213,-141.442671,8.440924
Benjamin Schultz,23,7510 Kathryn Wall,Port Cheryl,Kentucky,19753,-84.259459,20.7071795
Kristen Young,52,85438 Charles Forest Apt. 354,North Peterview,Maryland,37321,171.378101,-31.398577
Judith Gomez,49,1537 Black Extension Apt. 173,South Matthew,Alaska,39499,-52.230453,-79.693328
Caitlyn Johnson,51,99617 Nicholas Station Suite 312,Nancymouth,Hawaii,97487,65.940857,-27.1254605
Kelsey Wilson,64,306 Vazquez Forges,West Joe,West Virginia,09739,-44.342769,-8.196829
Jeffrey Weaver,57,1812 Nicholas Trail Apt. 512,East Williamton,South Carolina,31159,-28.567930,32.138623
Mary Chavez,52,43205 Armstrong Row Suite 425,West Kimberly,Ohio,10441,2.299518,-55.421567
Martin Lopez,38,804 Walker Freeway,Wushire,West Virginia,13701,-140.712048,-73.4400325
Kyle Garcia,66,0044 Smith Viaduct Suite 440,New Ricky,Arkansas,88925,-28.710951,-50.0984285
Andrea Anderson,58,612 Huynh Drive,South Waynebury,Oklahoma,54398,-49.088078,83.0288485
Andre Sims,29,51650 Dennis Light,Sarachester,Oregon,64939,61.718786,35.8966965
Holly Hernandez,53,697 Reginald Well Suite 620,Frederickview,Kansas,27794,-109.618794,-30.700951
Lauren Green,37,619 Blair Orchard Suite 934,Jenniferside,Colorado,08244,-57.386097,-73.579686
Dr. Annette Weber,32,799 Harmon Village Apt. 328,Pittmanberg,Oklahoma,44118,-68.321246,-64.0910205
Julie Carter,33,426 William Wells Suite 271,New Katrinatown,California,15385,90.674924,-35.2856655
Joseph Fisher,69,858 Neal Forks,Latoyabury,North Carolina,33078,48.414999,51.0172035
Matthew Hurst,75,1411 Ruiz Roads Apt. 758,East Holly,Michigan,51793,165.129479,-49.7688785
Julian Jimenez,42,145 King Mission Suite 967,South David,Nevada,81450,-14.385299,-32.613429
Joshua Campbell,51,198 Michelle Grove,Christinashire,South Dakota,95929,-48.661563,-30.6369635
Mr. Brian Cantu,53,0175 Melanie Stream,South Nicole,Utah,48765,-108.849167,-36.4987365
Kelly Graham,52,411 Fuller Street,Kimberlyview,Mississippi,60789,-103.354312,86.221952
April Miller,18,97240 Fischer Prairie,Jamestown,New Mexico,93773,36.390802,-77.607941
Chad Ruiz,66,621 Rojas Extension Suite 708,North Russell,Ohio,98916,-40.362661,-8.8811435
Steven West,55,1943 Megan Crossroad Apt. 063,Matthewchester,Kentucky,98815,-130.037728,12.031588
Stephanie Clarke,25,2414 James Valley Apt. 358,Paulside,Arizona,15802,-16.034612,15.097366
Joshua Richardson,66,182 Rivera Mall Suite 980,East Charlesland,Florida,80114,-104.257177,-5.867158
Steve Rogers,62,74856 Jimmy Walk Suite 414,Terrytown,Arizona,81611,-53.652547,79.5506155
Benjamin Brown,71,63821 Danielle Estate Suite 740,Brianland,Kansas,57226,10.055919,21.9351355
David Leblanc,74,7551 Jessica Hill Apt. 849,Lake Jenniferburgh,Colorado,00669,159.564190,-63.6378325
Valerie Jackson,28,578 Derek Neck,South Carolynshire,Pennsylvania,84391,-97.808343,70.580769
Gregory Williams,36,4035 Charles Pine Apt. 765,Lake Thomas,Wyoming,40596,-48.127088,24.491609
Charles Dunn,35,36129 Jacob Plains,Samanthastad,Iowa,07513,-99.493442,81.509424
Teresa Cooley,63,73915 Steven Isle Apt. 890,Lake Jay,Michigan,16407,-165.824435,21.2473745
Diana Ortega,28,346 Alvarez Lock Apt. 947,Johnburgh,Kentucky,74692,138.627103,51.429008
Tamara Marshall,39,174 King Mountains Apt. 211,Beverlyborough,Nevada,23523,54.169552,84.9805355
Joshua Cooper,40,190 Paul Knoll,Sandersborough,Kentucky,88439,150.114951,-44.1236475
Derrick Reyes,80,71711 Joseph Road Suite 601,East Paul,West Virginia,29273,-119.157443,-69.216215
Stephanie Nelson,55,424 Santana Parks,Whiteborough,Florida,00972,13.347319,68.108215
Reginald Willis,80,582 Alexander Courts Apt. 403,Danielbury,Tennessee,72165,124.022300,-70.0986615
Joe Barton,36,29904 Bennett Passage,Sanfordside,Pennsylvania,86245,95.163858,-40.9240035
Leslie Taylor,33,69838 Greene Crossroad Apt. 696,Dawnland,Hawaii,56896,-7.623768,41.484887
Kimberly Robertson,65,716 Kaitlyn Stravenue Suite 839,Margaretport,Connecticut,47886,36.967969,-65.099113
Maria Conner DVM,75,23744 Tucker Row,Michaelshire,Tennessee,12952,-17.752976,-44.9282615
Rebecca Smith,23,84002 Smith Orchard Suite 119,North Clintonberg,Delaware,92107,-173.528284,-57.7352835
Brendan Mccann,37,431 Reginald Centers,Stacieshire,Delaware,51561,-89.743388,50.839561
Donna Singh,80,5702 Rowe Ramp Apt. 812,Lake Ryan,North Carolina,65615,-46.553063,-8.499767
Joshua Castro,50,2225 Richard Union,South Jessicaton,California,53869,-9.084704,-28.1937075
Mark Thomas,49,34609 Nicholas Meadow Apt. 976,East Samantha,Oregon,00585,-7.077965,46.9587705
Jordan Ward,74,99693 Black Bridge,Vickieton,California,59088,-134.851577,-11.484691
Scott Lewis,72,216 Collins Summit,Port Kennethland,Hawaii,59339,-72.157831,-56.1763435
Eric Roberts,36,022 Smith Trail Suite 285,East Ashley,Virginia,64948,-157.744409,12.559706
Michael Leonard,27,207 Wang Cliff Apt. 851,East Curtisburgh,Utah,18807,111.131979,74.0380385
Richard Bell,31,8924 Timothy Hills,North Kaylafurt,Maryland,38687,-80.413277,1.577512
Stephanie Alvarez,35,1180 Summers Route,New Geneton,Idaho,70259,-48.960241,36.073630
Tanya Rodriguez,29,68705 Jessica Stream Suite 220,Smithchester,North Dakota,24423,143.854782,-46.0849285
Krista Ramirez,30,503 Stephanie Fall Suite 401,Lake Jamesbury,Idaho,11750,72.209581,72.9828475
Ronald George,21,6834 Kenneth Fields Apt. 763,West Carl,Tennessee,42535,-9.014447,-32.561507
Teresa Norman,74,7045 Timothy Locks Apt. 546,Hartside,Washington,03686,151.866877,-16.987030
Donald Spears,53,381 Wallace Mount Apt. 413,West Dianeport,South Dakota,87974,-179.798325,-19.762410
Nicholas Carpenter,57,872 Ryan Street,North Brian,Kentucky,10109,-169.552587,83.1808835
Ryan Cooper,52,51553 Gregory Points Apt. 220,Julieton,North Dakota,86802,-163.677862,-39.6993885
Kathy Smith,47,07837 Alec Springs Apt. 446,Alvaradoside,North Dakota,03220,144.340861,43.768902
Steven Yang,78,231 Kevin Unions,West Susanland,Connecticut,54886,-164.418838,-16.491998
Kathleen Clark,63,73388 Pineda Corner,East Christopher,Maryland,65062,30.803274,33.250758
Philip Morales,31,7066 Christian Field,Dianaville,Michigan,88839,57.425588,33.5872335
Christopher Brown,68,908 Randy Meadows,Andersonville,California,57106,-51.202183,-20.736978
Trevor Acosta,77,381 Jennifer Knoll Apt. 022,Port Amanda,Kentucky,85682,21.050212,29.5435195
Angelica Hinton,24,3182 Neal Village Suite 960,East Barry,Louisiana,31252,102.343185,53.4007095
Maureen Pearson,22,39444 Blair Mall Apt. 353,Nolanview,Rhode Island,08016,82.066527,-86.6277505
Amanda Ramirez,71,95899 Deborah Roads,New Bradley,South Carolina,14507,121.557587,-63.6514445
Melissa Hill,18,22433 Potter Underpass Suite 862,Youngborough,Nevada,83803,32.374457,-77.099725
Aaron Anderson,44,15292 Dunn Shore Apt. 722,Mayoport,Utah,77703,-108.639039,39.849714
Edward Phillips,32,0184 Curtis Summit Suite 381,Taylorville,Kansas,82598,-163.706368,71.641488
Brady Jordan,54,49692 Haynes Wells Suite 417,West Danielland,South Carolina,72965,7.995906,70.0246665
Peter Hernandez,29,473 Miller Estates Apt. 626,South Madison,Louisiana,80325,91.926192,81.058615
Heather Baker,52,18480 Davis Lights,Carrilloburgh,North Dakota,93698,117.162434,64.511097
Catherine Mays,62,40691 Brian Cape,Christinastad,Mississippi,74783,160.497767,-18.2324615
Joel Powell,77,7773 Burton Ridge,Warrenview,Kansas,51443,23.938252,45.0681895
Maria Mcintyre,49,05981 Kyle Tunnel,Bishophaven,Louisiana,26510,-64.183378,-37.5646795
Joshua Jones,55,5607 Zhang Roads Suite 267,North Jamesland,North Dakota,66358,-30.674972,47.4970275
Jessica Bowman,51,5828 Reyes Harbor Apt. 878,Lake Kimberly,Idaho,50615,-83.087003,52.027519
Joshua Leblanc,31,1001 Zachary Meadow,New Rachel,Missouri,70689,-18.502541,59.352333
Travis Carter,31,4180 Wilson Pass,Wolfeville,Michigan,71150,166.049063,70.8594015
Holly Hernandez,41,49207 Kevin Trail,Robertsview,Arkansas,45190,-69.760930,-55.4985365
Steven Terry Jr.,57,381 Hayden River Apt. 647,Fowlerberg,Wyoming,20719,169.911805,-36.643942
Nicholas Martinez,59,1445 Gray Land Suite 637,Lake Nicholas,Arkansas,08300,144.228059,79.280758
Mark Gay,36,64734 Erica Flat Apt. 520,Reedland,Rhode Island,16491,-112.951376,38.785588
Jennifer Harrell,27,41487 Stephanie Port,South Brian,New Mexico,70972,-33.308874,-12.774503
Krista Grimes,68,681 Tran Row Suite 489,South Angela,New Hampshire,06120,-91.421860,46.732679
Michelle Peters,79,28226 Dorothy Roads Apt. 313,South Megan,Vermont,54420,111.078328,-68.0355135
Richard Harris,53,33692 Jones Mall Suite 220,West Kenneth,Nevada,04565,32.821529,-42.670974
Jessica Silva,24,305 Gillespie Lane Apt. 836,Nicholasstad,Mississippi,60409,179.095870,-85.2014715
Daniel Sloan,75,937 Hayes Trafficway,Hesshaven,Wyoming,81683,-66.482916,69.4576105
Gregory Jimenez,43,4614 Amber Parkway,New Melissachester,Idaho,95134,147.899417,47.322462
Courtney Booth,63,98249 Henderson Island,Fernandoborough,Delaware,98066,1.073703,32.5152445
Samantha Schneider,67,13440 Miller Park,East Kimberly,Minnesota,27957,-61.343874,53.542861
Danielle Franco,22,11834 Mitchell Path,North Anne,Kentucky,40744,14.586459,66.6631165
Timothy Barker DDS,18,1116 Porter Highway Suite 930,Courtneyshire,New Mexico,36160,-158.818368,28.4309945
Valerie Moreno,37,4801 Lauren Mountain,Port Ericaburgh,Ohio,94951,-16.311012,89.0010855
Deborah Lawson,57,325 Willis Tunnel,North Michaelfurt,North Carolina,58129,-105.531153,-70.7632305
Joy Kennedy,43,038 Nicole Rapids,South Catherinetown,Pennsylvania,22494,-21.683727,14.737687
Andrea Fritz,42,259 Katie Circle,Sergioland,South Carolina,19354,-153.886445,-4.286283
Jill Alvarez,78,7015 Robert Creek Suite 064,Ellismouth,Illinois,33351,-115.763538,-1.085471
Vanessa Hutchinson,44,3188 Teresa Port Apt. 448,New Christopher,New York,83181,153.952645,88.8735345
Chase Paul,38,2728 Michael Creek,East Lee,New Jersey,83544,51.225504,-28.450668
Stephen Mitchell,46,2453 Joshua Center,Frederickland,Pennsylvania,16688,70.763975,-60.2314545
Sherry Washington,70,49153 Guerrero Canyon Suite 981,Micheleberg,Alabama,13662,-71.705841,77.214214
Lydia Smith,19,36656 Christine Brooks Suite 651,New Sarah,Massachusetts,62376,-113.754682,42.1615865
Teresa Ayala,24,293 Katie Meadows,East Johnberg,New Hampshire,18475,34.212000,-9.811781
Michael Taylor,43,62315 Daniel Cape Suite 746,West Sarah,California,31793,-104.886565,6.4382695
Lynn Richardson,42,00085 Omar Common Suite 491,Derrickberg,Alaska,26922,179.170175,-76.2181325
Willie Bailey DDS,30,78735 Doris Terrace,New Davidchester,New Hampshire,51573,15.159878,-48.0329705
Chad Rodgers,26,152 Edwards Fort Apt. 966,Margaretmouth,Missouri,52258,37.019245,17.1087215
Kaitlyn Olsen,19,57794 Steele Mountain,Darylshire,Louisiana,26539,-121.803455,-20.7715315
William Williams,34,99752 Martinez Square Suite 240,Port Johnberg,South Carolina,67455,-156.127927,-27.3790835
Adrienne Clarke,76,92630 Thomas Village Suite 984,Prestonborough,Massachusetts,49806,-118.698722,-79.941138
Chelsey Steele,78,512 Christopher Isle Apt. 476,West Lindsaybury,Mississippi,25218,149.258196,77.0220055
Matthew Soto,24,5734 Whitney Green Suite 021,Lake Bobby,Indiana,71784,-57.281464,-72.939206
Sheila Young,62,86111 William Mills Suite 264,New Stephanieport,Nebraska,33843,87.916406,39.6872615
Tiffany Pennington,31,6702 Jacobson Turnpike,Jacksonberg,Arkansas,13849,-62.203467,-51.0470335
James Padilla,31,14420 Cynthia Shores,Patriciashire,Iowa,39735,-156.148369,80.285996
Taylor Garcia,78,2562 Shepard Knoll,West Heatherburgh,North Dakota,20641,114.627577,-1.4667555
Patricia Cook,42,4388 Michael Trail,Bakerfort,Virginia,82478,-154.213807,22.5495635
Shannon Logan,39,4565 Daugherty Stravenue Apt. 390,Lake Barbarachester,Nevada,28966,-113.677315,-62.866960
David Goodwin,69,410 Karen Ferry,South Jodiside,Virginia,71065,-89.965756,78.6941045
Leslie Schultz,29,8924 Michael Trail,Aguirremouth,New York,91978,-75.987517,65.0139115
Garrett Good,74,73906 Ronnie River,Josephberg,Alabama,75312,29.984153,-88.8201075
Rick Young,42,16040 Jennifer Groves Suite 262,West Mark,Oregon,65260,-154.463232,77.6911205
Sharon Morton,53,523 Allen Island Apt. 019,East Kenneth,South Dakota,47322,117.551999,-46.399898
Michele Jones,78,29302 Randy Tunnel,North James,Oregon,23939,-1.483594,-80.3966335
Kim Mccall,45,362 Wendy Estates Apt. 093,Denisemouth,Wyoming,10015,-29.465999,36.296491
Larry Young,68,2762 Sparks Junctions,New Josephville,Texas,94619,72.860910,3.0907025
Kim Rivera,34,48011 David Junction Suite 554,Montoyafort,Montana,50612,178.849231,36.044013
Daniel Walter,46,9357 Robert Throughway Apt. 540,South James,Arkansas,58979,-156.993891,-79.8443255
Mr. Christopher Garcia,21,919 Jaclyn Unions Suite 558,New Matthewchester,Illinois,04266,145.259703,-27.1891075
Ryan Thompson,74,4861 Carter Lodge Suite 360,Danaland,South Dakota,85340,-89.023574,51.590533
Barbara Miller,76,2802 Greene Drive,Lake John,California,42094,93.454694,21.3260085
Haley Walker,46,15559 Michael Drive Suite 015,Port William,Connecticut,19354,-12.724791,80.2754955
Kenneth Perry,54,0028 Williams Rest Suite 708,Howardside,Pennsylvania,56979,-166.363921,75.344843
Carlos Lewis,19,984 Lisa Vista Apt. 201,East Carlamouth,Texas,97979,-96.684951,-72.371251
Elizabeth Barajas,21,75351 Rodriguez Gardens Apt. 327,Doyleton,Utah,08419,100.151156,-33.2389925
Madison Reyes,35,71423 Pham Wall Apt. 564,Bradyland,Delaware,76008,144.675410,-6.4249675
Nichole Stewart,44,1474 Katelyn Track,Waltonview,New York,59674,-84.145376,-71.103519
Nathaniel Reid,30,497 Leon Row Suite 576,Port Justin,Montana,35849,-66.150914,-9.8299145
Mary Welch,51,4932 Sharon Skyway,South Jessica,North Dakota,39295,83.740643,-30.8456575
Lori Barton,42,7765 Torres Grove Apt. 190,Lake Jonathonmouth,Maryland,51976,27.855304,-83.1870205
Mark Medina,32,3035 Curtis Manor Suite 048,West Michelle,Missouri,34068,25.120929,29.722704
Thomas Branch,18,998 Owen Pike Apt. 254,Brownfort,Michigan,25144,-69.651530,63.3343165
Teresa Ruiz,34,6444 Ronald Turnpike Suite 711,Chapmanmouth,New Hampshire,06705,-176.359778,31.526613
Timothy Williams,44,5183 Wall Divide Suite 033,Karlstad,New Mexico,44882,125.422367,80.375970
Jason Harris,60,390 Hogan Summit Suite 137,West Rickyview,Delaware,18562,-28.944192,38.442558
Kayla Quinn,38,3411 Ronald Plains,Port Maryberg,Nebraska,81050,-58.153817,62.650567
Steven Cole,42,08129 Christina Manors,North Shaun,Alaska,77494,9.644354,33.5866715
Joshua Daniels,41,98412 Miller Throughway,West Steveberg,North Dakota,71811,74.792690,-45.4341835
Spencer Lewis,66,42012 Lee Bridge,Daytown,Rhode Island,80572,84.256308,-29.7400355
Lawrence Hall,59,604 Jason Meadow Suite 547,Hallborough,Wisconsin,46177,-74.931451,21.674292
Mary Benton,28,08887 Warner Estates,New Peter,Missouri,73706,150.458926,19.9866715
Lauren Dunlap,39,564 Jessica Hills,Port Diane,Indiana,23406,-35.073518,-26.9190085
Jose Brown,30,03138 Miller Ranch Apt. 264,Michellemouth,New Hampshire,82211,-85.607607,2.1646575
Brenda Santiago,52,980 Amanda Points Suite 330,Lake Matthewshire,Florida,66761,100.400580,78.2000705
Elizabeth Hayes,41,243 Chelsea Locks Apt. 034,Port Traceyhaven,Virginia,49129,33.817457,81.7005405
Carrie Rice,24,53329 Colleen Village Suite 434,New Erinland,Alabama,22202,-139.588086,-33.3424545
Tracy Lowe,44,92602 Pamela Canyon Apt. 070,Masonborough,Wyoming,45810,113.011876,64.2626625
April Cobb,29,337 Vincent Plaza Apt. 497,Joanborough,Nevada,75865,-143.232314,-46.5867625
Lauren Mcdonald,54,86066 Martin Springs,West Cheyennehaven,Kansas,21240,-128.973900,-15.313708
Kenneth Velazquez,32,46243 Sullivan Falls,New Dawn,California,93375,27.066809,76.167616
Julian Rodriguez,68,847 Cynthia Estates Suite 364,Wellsland,Louisiana,81238,-21.237730,-45.7194645
Ricky Sandoval,21,10302 Martin Road Apt. 353,North Cynthia,Idaho,58876,-128.219714,-84.0839625
Richard Mora,77,975 Gross Place,Danielfurt,Florida,81871,-116.523032,-37.2638875
Michael Porter,38,181 Kelly Ferry,South Ericmouth,Texas,22889,158.286990,26.246505
Heidi Poole,29,96122 Jones Lights,Davidside,Minnesota,50378,-89.762285,-48.950875
Melissa Wilcox,56,3053 Valenzuela Walk,West Alicia,New Jersey,33596,74.871061,-14.413172
Donald Cross,58,332 Mckinney Mill,Virginiaton,Nebraska,42020,65.635113,-41.7349395
Cynthia Young,39,964 Lester Mission Suite 623,New Laurie,Maryland,57287,-123.667285,61.7546935
Brian Webster,51,56741 Derek Spur Apt. 338,Lake Jack,New Mexico,53186,-75.544474,62.660875
Samantha Kline,68,77697 Jeffrey Loaf Suite 557,West William,Montana,91647,49.315269,61.6433275
Teresa Armstrong,63,988 Rodriguez Loaf,East Jeremyhaven,Colorado,46803,78.357638,-2.5403735
Stacey Long,33,5080 Aaron Passage Apt. 224,Kevinview,New Hampshire,66907,-62.763206,-35.9663415
Bryan Ramirez,32,768 Mcknight Springs,West Jamesstad,Alabama,81841,-158.096366,34.3295185
Charles Pratt,62,693 Terri Branch Suite 728,Lake Veronica,Pennsylvania,66569,33.647877,-78.358615
Hannah Jackson,46,21628 White Parkways,East Frankview,Tennessee,15087,174.945393,7.260203
Robert Hill,53,8334 Wells Overpass Apt. 248,West Brooketown,Colorado,55532,120.182701,-80.648056
Kelly Wagner,48,07282 Maureen Vista Apt. 091,North Stevefort,Alabama,63208,85.022717,55.8282795
Mr. Javier Lee,78,118 Pierce Shore,South Tammystad,Connecticut,13307,-48.991552,33.0409145
Wanda Proctor,55,547 Martinez Fall,Jessicamouth,Hawaii,09999,154.185010,27.2049075
Taylor Blanchard,31,7706 Jacob Brook,Lake Benjaminland,Arizona,85193,59.600407,68.710702
Dennis Torres,50,0602 Brady Common,North Tylerstad,Alabama,80741,-89.400391,-39.4779595
Jessica Jenkins,64,466 Spencer Track,Kendrahaven,New Hampshire,58557,-165.544663,36.7135225
Lindsay Holland,42,5896 White Lake Suite 251,Port Kevinside,Pennsylvania,29954,-92.712212,87.0294305
Jennifer Stephenson,74,00923 Jody Centers,South Robertshire,California,94329,62.375597,23.0993295
Andrew Tate,42,53541 Baker Points,Carrieside,Kansas,55671,21.848715,-28.1896575
David Shannon,24,3474 Cooper Center,Daniellemouth,Arizona,29927,-38.601839,47.414004
Sherry Wright,47,312 Collin Cliffs,Bowmanstad,California,54417,142.105847,-60.824598
Rebecca Massey,26,88246 James Parkways,Port Charles,Ohio,99138,-88.418416,22.527717
Mark Ewing,46,9271 Nicholas Way,Lake Ryanstad,New Hampshire,00968,129.704488,15.8133445
Michael Delgado,61,12198 Timothy Glens,Myersshire,Virginia,04661,8.744585,-69.4603655
Dr. Katherine Williams,30,7465 Randall Port,Christopherfort,South Carolina,27777,111.631800,45.2582915
Audrey Wong DVM,65,5055 Stephenson Squares Suite 810,West Brandon,Missouri,00532,44.027984,45.2097445
Andrew Moreno,25,05395 Russo Heights Apt. 654,Wagnerfort,Ohio,89232,-148.056765,14.011596
Shelby Neal,23,505 Thomas Expressway,East Tara,South Carolina,07557,-138.276427,-28.564993
James Martin,75,35492 Anna Turnpike Apt. 623,Port Kerriside,Washington,86731,-31.715610,-73.989256
Toni Henry,29,32626 Jackson Causeway Apt. 177,West Hunter,Nevada,46272,74.324026,-0.635675
Scott Hammond,40,943 Anthony Cape Apt. 233,Meganview,Louisiana,34031,-117.971901,84.206270
Diane Mendez,27,12404 Thompson Isle Apt. 949,Ruizhaven,Florida,06379,-129.942216,37.133750
Felicia Alexander,79,26581 Andrea Shoals Suite 936,South Amandaville,Ohio,98193,-163.676825,-56.9519035
Caleb Park,47,68231 Steele Ways Suite 466,South Susan,Kansas,31624,55.770091,-83.792478
Roger Lynch,71,4098 Pamela Points,Port Lucas,Minnesota,97583,62.996939,-73.246282
Heather Taylor,35,78189 Michael Cliff Suite 906,Kellybury,Minnesota,09682,-161.726112,-56.299761
Katie Colon,52,5074 Amber Walks,New Paige,Georgia,42250,-2.253726,5.072723
Katie Chang,80,4067 Meyers Summit,West Samantha,Pennsylvania,60577,-15.574786,-6.3829275
Chris Adams,24,72680 Jessica Neck Apt. 642,Johnview,Minnesota,49783,-166.094509,30.0756635
Adam Adams,54,61914 Robinson Run,New Brendaborough,Louisiana,33829,-53.776770,88.819676
Kirsten Parker,22,653 Diana Green Suite 447,West Alexaside,North Carolina,64039,-104.749575,-4.1493805
Brandon Franco,69,2024 Michele Stream Suite 240,Berryview,Oregon,51307,-57.644389,52.959550
Brandon Watson,48,69546 Timothy Brook,Kennethstad,North Dakota,84658,147.175341,-73.696936
Edwin Cole,64,58972 Jeffrey Station Apt. 217,Cohenport,Hawaii,82654,102.913035,36.0689705
Aaron Shea,42,678 Simon Branch Apt. 272,Pamelashire,Oregon,13607,-147.397004,37.042510
Christopher Taylor,67,5973 Adam Skyway,Lake Taraview,Nevada,26613,-0.666397,-69.366225
Lauren Ruiz,54,8969 May Plains,Kristinhaven,Illinois,87707,-27.212331,61.863924
Molly Brown,32,165 Dawn Dam,Martinport,Rhode Island,42704,134.646584,-53.1313365
Melissa Brown,41,08504 Joan Plain,Johnsonhaven,Alabama,49077,-138.636265,-76.8342875
Andrew Bennett,53,2790 Jeanette Haven Apt. 972,Rodriguezstad,Virginia,38106,44.726375,-51.730971
Christian Johnson,68,2428 Skinner Run Suite 304,East Bonnieberg,Minnesota,31012,-7.564501,86.009906
Tyrone King,67,563 Ryan Meadows Apt. 901,North John,Alabama,61291,95.202356,-44.2556115
Amy Weber,57,3035 Watson Mountain,Vasquezbury,Kentucky,55613,-169.941452,-80.1282385
Casey Turner,61,7048 Taylor Summit,New Carolynmouth,Oregon,50724,43.000248,64.374110
Jennifer Hunter,21,7974 Kerry Village,West Rebecca,Louisiana,10345,-61.835949,15.9079755
Cynthia Cooley,38,31819 Martinez Glen Suite 277,North Robert,South Dakota,91147,65.172261,-20.843608
Jeanette Chandler,74,634 Joe Grove,Jenkinsport,Louisiana,78485,170.553990,59.118194
Gary Rojas,47,0173 Rivera Port Suite 729,Grahamview,Kansas,47178,-167.808204,-9.619137
Jennifer Daniels,43,4941 Kyle Mountain,Lake Jamesside,Nevada,29770,-58.721292,-15.7918855
Anthony Phillips,79,2104 Spencer Extension,Marcusberg,Montana,78316,45.361342,39.266251
Holly Williams,63,2377 Johnny Estate,Walkerview,Alaska,57569,-172.521964,-82.470715
Mark Martinez,50,4839 Logan Summit,Fergusonmouth,California,08190,157.608375,12.1103575
Jason Anderson,38,070 Megan Ridge,Raymouth,Arkansas,72435,-136.739111,31.8690035
Kevin Rocha,75,155 Alan Forest,South Andrea,Tennessee,95417,-92.394733,44.0568445
Geoffrey Fitzpatrick,37,249 Ashley Common Suite 351,South Linda,Tennessee,68108,-152.236471,7.883090
James Jones,61,47128 Kenneth Mountains,Victoriaport,Texas,63162,47.333988,76.665931
Whitney Gay,74,6184 Hannah Turnpike,West Travisside,Vermont,57197,-124.261935,16.507883
Sierra Diaz,53,849 Jennifer Ranch,Gomezborough,Minnesota,10480,130.130164,-47.1207485
Valerie Hicks,44,336 Eric Tunnel Apt. 065,West Roberttown,Maryland,74630,140.292478,69.153776
Tony Davis,31,4400 Cheryl Dale Suite 966,West Brandonburgh,Illinois,82876,86.770872,28.4219055
Robert Simmons,52,050 Johnson Haven,Dickersonstad,Colorado,00614,-150.926938,-86.409486
Roger Morales,25,70654 Shawn Walk Suite 214,Samuelton,North Carolina,53160,-96.100687,-54.779985
Donald Orr,21,47616 Rebekah Valleys Suite 822,New Christy,South Carolina,18544,-173.427637,-46.8853895
Michael Stevens,43,9611 Jones Corner Apt. 592,East Davidborough,Texas,55992,-15.434093,-2.453615
Kelsey Farrell,38,2197 Steele Falls,Murillomouth,Oregon,48700,-96.070491,-73.533459
Dawn Stewart,35,61295 Kemp Gardens,Pruittmouth,Oregon,07206,-135.009029,76.534145
Scott Pacheco,42,9897 Riggs Pike,North Christopherhaven,Oklahoma,65234,119.587533,-62.9856795
Donna Smith,73,1695 Kendra Road,Mariaville,Texas,69507,39.112760,80.562462
Jeffrey Gray Jr.,39,8936 Danny Parkway,Shanebury,Hawaii,82559,141.818756,62.0521255
Tina Martin,66,241 Suarez Lakes,Lake Brianshire,Idaho,53835,-93.434146,43.0356895
Molly Moran,48,302 Moran Passage Suite 649,East Jessicabury,Washington,14784,-116.674028,29.372291
Alexis Stewart,42,22045 Rodriguez Mills Suite 916,Lake Allenton,Georgia,99852,122.106848,24.566788
Michael Sellers,51,38834 Samuel Tunnel,New Seanstad,Massachusetts,66591,-14.720922,47.008004
John Holland,42,2795 Jeffrey Stravenue Suite 017,North Sandra,Colorado,58991,-62.498232,-3.250684
Paul Price,31,40201 Ryan Route Suite 884,Morganchester,Arizona,22985,45.105283,30.8932065
Robin Watts,70,35334 Huang Glens,New Jenniferfort,Alabama,75360,-158.971109,-18.0225155
Evelyn Brooks,30,6953 Warren Fall Apt. 817,North Johnbury,New Mexico,56917,-138.505749,8.7130515
Kelly Gardner,76,1645 Ryan Brooks,New Morganstad,Massachusetts,95172,131.374900,-12.1127555
Joseph Arnold,71,6202 Lewis Brooks Suite 310,East Anthony,Hawaii,01754,57.353263,-80.730866
Victoria Chandler,54,217 Katherine Brooks,North Erinchester,New Hampshire,94580,125.650482,-7.295328
Joseph Sims,59,498 Jonathan Lock Apt. 498,New Toddchester,Ohio,11327,-46.969573,-39.9408825
Jonathan Jones,72,910 Booker Mission,Hollowayburgh,Vermont,91858,50.847282,38.493111
Brian Edwards,47,108 Williams Ridge Apt. 366,Rosefort,Hawaii,47100,137.513544,-71.703317
Christina Smith,30,5466 David Ways Suite 877,Catherinetown,Rhode Island,84126,-18.489692,30.6043335
Amy Donovan,71,92287 Timothy View,North Christine,Michigan,27989,4.742089,-46.541864
Jimmy Jackson,75,632 Hernandez Underpass,Williamport,Georgia,40580,-162.288868,-25.201633
John Anderson,58,333 Linda Cliff,Delgadoborough,North Dakota,88108,-116.699324,-39.7370865
Derrick Murray,27,053 Jeanne Turnpike,South Lauramouth,North Carolina,95440,178.456433,48.1847915
Hannah Conner,66,549 Lindsay Via Apt. 872,Jillville,Hawaii,74195,14.139127,15.0193005
Joshua Bell,41,7566 James Road Apt. 076,Santiagobury,Virginia,64217,-159.143328,47.8959605
Jody Sampson,63,114 Kathryn Well Apt. 977,North Norman,Colorado,84558,-21.751149,84.765789
Mary Johnson,62,27057 Gilbert Spur Suite 822,East Rachael,North Carolina,25710,-58.481055,-52.095818
James Clements,71,78567 Martinez Summit,Lake Julia,Massachusetts,42685,95.171274,88.0072305
Jenna Shelton,23,723 Hampton Mills,East Kristopherfurt,Vermont,62056,-125.590426,26.792059
Jesse Murphy,19,9415 Tracie Burg,Phillipsberg,Nebraska,22927,-86.346555,-21.6742655
Shannon Miller,37,557 Katelyn Mission Apt. 136,Lake Audrey,New Jersey,89585,-85.581929,-51.155927
Katelyn Kline,71,71686 Lopez Trail,West Monica,Missouri,05324,-70.303218,51.5154485
Jaime Atkins,68,4241 Kelsey Estate,North Robertmouth,Rhode Island,20900,148.282118,-13.520965
Gavin Leach MD,41,201 Lopez Glens Apt. 994,Pamelachester,Iowa,87174,-137.557967,-68.9109175
Joseph Garza,30,2997 Johnson Club,Smithside,West Virginia,21084,-56.888761,-63.716845
Raven Wheeler,37,630 Wallace Viaduct Suite 494,Perkinsberg,Arkansas,85591,10.813237,-42.330724
Michelle Wilson,23,8768 Robbins Loop Apt. 428,Jessestad,Maine,05761,-80.281881,55.2756915
Caitlin Shepherd,75,382 Sutton Station,North Sabrinahaven,North Carolina,28523,-134.016285,-32.862004
Angela Deleon,42,3308 Avila Summit Suite 826,East Kimberly,New Hampshire,11112,-68.760958,53.7524015
Darryl Bush,36,952 Toni Rest Apt. 774,Ericksonchester,Louisiana,47541,80.728042,36.9901565
Kimberly Sanchez,63,615 Michelle Tunnel Suite 858,East Davidfort,North Dakota,19193,-86.983008,-69.815260
Joy Cohen,69,2269 Brian Brooks,East Lynn,Washington,10480,-4.952505,73.200935
Sydney Wood,48,545 Andrew Spur,Macdonaldberg,Kansas,40377,11.912669,-49.1896885
Christopher Harris,74,818 Franklin Cliff,Staceyshire,Utah,22245,-45.262987,-13.964918
Anthony Rose,18,21318 Smith Extensions Apt. 355,New Patrickshire,Ohio,33093,93.740783,3.7041675
George Rosales,64,8371 Wood Junctions Suite 194,East William,Hawaii,68672,-160.255601,14.559891
Rebecca Hart,48,861 Paul Lights,West Julia,Iowa,34778,-126.983321,46.712467
Barbara Owens,39,5994 Debra Trail,Lake Brittney,Colorado,64865,-54.498623,5.2750275
Anna Quinn,39,439 Stewart Turnpike Suite 102,West Bethstad,New Jersey,49751,-27.653036,37.583767
George Brown,20,8031 Debra Flats Apt. 487,New Dennishaven,Alabama,54974,127.976770,-69.877625
Stacey Estes,48,14005 Morris Underpass Apt. 441,New Cynthiaborough,Texas,41341,-47.501489,-79.4441335
Wendy Nichols,45,192 Roberts Park,West Danaton,Washington,02339,-129.823678,44.0860315
Anthony Jones,73,314 Ortiz Court Suite 927,Meganport,Colorado,05139,-31.928741,-86.5512895
Stephen Brown,61,98544 Lewis Trace Apt. 164,Shawland,California,87563,4.827056,-38.227845
Christopher Bryant,54,3529 Clark Vista Apt. 401,Judithmouth,Rhode Island,03918,-174.238772,-73.004401
Jimmy Nguyen,70,9028 Zamora Lodge Apt. 640,Port Jamesstad,Idaho,92736,-167.270588,-54.830664
John Mcclain,67,5143 Melinda Dam,Martinezstad,New Mexico,89805,50.773376,59.6968175
Andrew Munoz,32,806 Nicole Brook Suite 484,East Bruceborough,Wyoming,78442,149.503119,-12.1163135
Linda Mccarthy,22,15821 Rodriguez Plains Apt. 463,Stevenston,Oklahoma,84610,0.141417,-13.5684925
Christian Ramos,27,30193 Melissa Junction Apt. 449,New Amychester,Rhode Island,73412,-27.113707,80.519610
Thomas Potter,41,49392 Lisa Alley,East Natalie,Tennessee,40009,-173.805398,34.612003
Michael Schmidt,79,408 Carter Mountains,West Susan,Rhode Island,99146,93.672257,52.3253965
Shannon Wilkins,76,25443 Sabrina Isle,Ericaport,Georgia,45106,57.183725,68.737718
Stephanie Schwartz,65,81215 Wendy Creek Apt. 178,Joshuaburgh,New Mexico,27642,-39.260948,-62.2942675
Michelle Thompson,34,372 Perkins Mount Suite 432,West Jenniferburgh,Hawaii,23534,65.545309,-70.296890
Brenda Montes,54,242 Gabriel Ferry Suite 170,Petersonfurt,Massachusetts,46165,178.778980,24.269185
Tyler Klein,64,035 Gibson Crescent,Port Daniel,Louisiana,62203,147.851135,59.9966705
Samuel Griffin,55,3941 Thomas Circle Suite 086,South Sandra,Kansas,72519,-168.275523,15.932162
Tammy Patel,27,640 Summer Stravenue Apt. 528,New Zacharyside,Montana,96101,143.692656,79.9020425
Patricia Davidson,57,17228 Erickson Skyway Suite 087,Jamesland,Maryland,46107,141.955769,41.895424
Patricia West,56,445 Steven Valley Suite 266,East Kari,Ohio,37583,161.233561,-77.115781
Diana Johnson,57,2290 Jones Springs,West Joseph,Hawaii,90026,-78.512408,22.0120725
Krista Butler,54,493 Annette Coves Suite 549,Donnastad,West Virginia,80859,-113.847503,-78.2383615
Robert Marks,39,903 Becky Extensions Suite 889,West Andrea,Nevada,99382,-129.878301,16.472198
Richard Moreno,72,864 Juan Wall Apt. 967,Elizabethberg,North Carolina,51748,-67.035895,-80.303074
Nicholas Thompson,36,194 Thompson Highway,South Gail,West Virginia,37542,36.154140,36.563836
William Harris,35,925 Robert Land,Charlesville,New Jersey,11802,70.048890,-75.0656795
Charles Scott,61,20781 Wilson Corner Suite 550,Port Kim,Alabama,92136,133.060289,38.1119085
Joe Smith MD,79,96548 Russell Station,Melissamouth,Rhode Island,07940,-40.723067,-52.0307915
Brittany Martin,67,0128 Lisa Rapids,Mendozachester,Colorado,62079,-175.930248,-19.531587
Patrick Chen,72,1873 Harmon Square,East Timothymouth,Georgia,85365,135.524792,-20.7375755
Erika Hughes,73,36542 Michael Forks Apt. 692,Whitefort,Mississippi,77926,-56.980167,21.4796355
Kimberly Taylor,72,535 Nicholas Fields Suite 003,Mcclurestad,South Dakota,50641,71.731884,83.768817
Andrew Franklin,23,650 Anderson Plains Apt. 514,Carrport,Wisconsin,30420,13.249356,71.4611025
Mario Chambers,60,717 Chelsea View Apt. 923,Williamborough,Minnesota,93712,-152.824702,-9.865875
Kaylee Martin,52,4407 Danny Prairie Suite 846,New Deniseburgh,Massachusetts,71004,179.230437,-86.8058565
Larry Collins,60,57047 Lacey Neck Apt. 751,Danielmouth,Utah,94499,85.186181,-43.2789225
Marc Arnold,63,982 Ritter Streets,North Alejandra,Arkansas,92865,-142.753203,5.760308
Steven Robinson,63,9101 Natalie Turnpike Suite 366,Millerside,Maryland,94627,-9.453847,-21.5863725
Timothy Collier,47,56742 Donna Pass Apt. 110,West Douglas,Illinois,88007,-179.819552,-24.037452
Kelsey Jones,43,7602 Roberts Prairie Suite 974,Lake Sonya,Vermont,16731,-70.950582,37.979032
Jeremiah Harrell,63,41734 Gomez Trail Suite 298,North Patriciabury,Connecticut,51040,-29.004994,74.072370
Alyssa Murphy,50,05728 Johnson Fords,Donaldhaven,South Carolina,67684,72.816863,-48.2232945
Lindsay Alexander,28,21864 Benton Falls Suite 082,North Marystad,Wyoming,85433,-15.631541,88.236183
Daniel Lane,55,347 Baker Wells Suite 496,Katherineberg,Tennessee,25579,-19.907475,13.540982
Katherine Gonzalez,39,418 Wayne Estate Apt. 954,Russohaven,Georgia,14818,-141.786059,-16.467661
Shelia Wheeler,74,28897 Michele Terrace Suite 802,Bethville,Minnesota,89128,-168.617177,-28.0600215
Kevin Finley,43,494 Heather Throughway,Dawnport,Rhode Island,67204,-94.928846,77.2373695
James May,75,50816 Timothy Shore Suite 084,West Joseph,Pennsylvania,07873,177.228532,-1.758645
Tiffany Clark,48,32871 Aaron Streets,Vanessaside,Georgia,25928,-22.971875,-49.1925055
Nicholas Barnes,36,002 White Stream,Martinland,Nebraska,29821,51.598051,-67.7676085
Bryan Newton,36,95055 Michael Orchard,Velasquezland,Alabama,88879,-109.801677,8.6336975
Javier Montgomery,56,57740 Fernandez Square,North Rebecca,Ohio,71348,123.621289,-7.8857945
William Santos,69,8213 Alexis Highway,East Lisamouth,Alabama,84390,-111.817019,-42.692086
Nicholas Phillips,63,136 Bailey Flats Suite 049,Markshire,California,20641,130.269380,-36.9502915
Austin Wall,76,278 Ryan Motorway,North Justin,Wisconsin,80034,16.081478,26.9498395
Benjamin Scott,20,58267 Daniel Way,Diazville,Indiana,14221,124.587811,-42.8735585
Kathleen Hernandez,34,702 Olson Field Apt. 542,New Ashley,South Dakota,37547,-165.788606,31.892733
Laurie Knox,61,3805 Susan Ridge,North Christine,Florida,12726,82.587895,-16.909567
Austin Hernandez,72,311 Mercado Extensions Suite 012,Lake Patricia,North Carolina,44538,-140.537619,-62.5228945
Jeffrey Smith,63,94899 Johnson Corner,Alexandriaborough,Nevada,03165,88.050406,21.8647825
Kathleen White,52,459 Macias Ridge Apt. 785,West Jamieville,New Mexico,97531,159.591411,47.4154985
Jacqueline Smith,26,9378 Lisa Highway,Bennettville,New York,36606,-21.923995,-54.678231
Dr. Ryan Howard,41,6317 Foster Mission Suite 575,Bergerbury,Missouri,06391,-158.887414,76.7186435
Mark Michael,53,1565 Andrew Island Suite 113,Nicholsside,Colorado,91593,-138.314761,-72.2432915
Nicole Ferguson,44,946 Vasquez Square,Cindychester,Ohio,28129,76.766036,68.690638
Sarah Duarte,77,9465 Richard Trail,Port Catherinefurt,Nevada,81366,141.244277,-54.350633
Sarah Hanna,79,7833 Richards Dam,Jackberg,Texas,76165,135.733110,74.3330275
Pamela Powell,31,91005 Brewer Estates Suite 632,Vincentborough,Washington,78903,-165.049391,-55.6931085
Jeffrey Woods,69,751 Allen Cliff Suite 546,Leechester,Delaware,28595,169.892375,15.5103415
Mary Cain,50,353 Alexander Flats,New Christopher,Arkansas,95051,-176.556982,13.998512
Ashley Garcia,46,1817 Nguyen Burgs,New Steven,New Mexico,41560,9.679159,-78.477446
Joshua Maldonado,22,71890 Patrick Wells,North Mark,Nevada,98753,116.642603,-62.0492385
Nathan Morrison,35,65936 Hudson Estates Suite 578,Lake Laura,North Carolina,41100,-121.312373,33.4533705
Mary Peterson,80,9582 Todd Lock,Port Miranda,California,47488,-166.901939,11.715515
Catherine Smith,79,0025 Ruth Skyway Suite 392,New Ronaldside,Michigan,92062,-147.748128,-89.3423435
Julie Palmer,50,7325 Kyle Greens Suite 175,Lake Brianburgh,Nebraska,55671,-55.471638,-61.6207745
William Gilbert,23,34318 Robert Place,Williamsburgh,Oklahoma,45735,-32.043361,36.2188875
Catherine Baker,28,547 Cameron Summit Suite 353,East Rebecca,Minnesota,84956,126.147348,-50.3717005
Jonathan Howard,52,2350 Thompson River Suite 889,Haroldton,Florida,78734,-53.463460,-43.131055
Donald Chapman,52,3557 Paul Meadow,Andrewstad,Arkansas,11387,-46.637804,79.9877415
Heather Garcia,28,3702 Kristopher Roads,Carsonfurt,Massachusetts,37761,108.403457,-26.070546
Guy Bowen,41,499 Michael Green,Lake Nancyview,Maryland,62562,120.725585,-77.613446
James Allen,61,21497 Edwards Circles Apt. 730,Nolantown,New Jersey,49281,-132.054154,89.288901
Stephanie Rodriguez,32,420 Carrillo Ville,South Amandatown,Missouri,95530,38.350180,-2.980676
Carl Chapman,77,274 Morris Fork Suite 366,Jackmouth,Kansas,39205,-80.845856,44.033050
Danielle Hardin,53,46242 Jonathan Curve Suite 843,West Samuel,Maine,53537,-115.849156,28.0925315
Mary Carter,44,04515 John Vista Apt. 350,West Matthewburgh,Kentucky,28374,53.018950,54.7424685
Linda Guerra,32,386 Morrison Light Suite 700,Michealshire,Nevada,81054,135.306444,-15.2587245
Matthew Patel,36,42666 Alexis Summit Apt. 082,Lake Danielle,Iowa,57163,-56.664387,-51.7735005
Frank Chan,21,087 Howard Way,Nathanview,Hawaii,07388,139.720145,49.192555
Karen Sampson PhD,72,6350 Brooke Oval,Whiteburgh,Minnesota,14301,-127.236051,-4.5192195
Adam Miller,42,91260 Harris Light,Port Gary,Arkansas,75178,-156.904810,-63.8911055
Rose Knox,52,739 Garcia Pass Apt. 680,Johnsonton,Illinois,46209,-129.950110,-52.1443555
Ricky Andrews,36,208 Curtis Brook,Lake Juliabury,South Carolina,69878,-87.567610,-16.799913
Rodney Lopez,46,8805 Donaldson Courts,Emilyview,New Mexico,35266,136.340407,-52.151176
Edward Jones,54,8070 Zimmerman Corners,North Richardland,Georgia,21791,143.281167,56.784974
Kathy Mitchell,73,006 Bradley Shoals Suite 255,Port Austinfurt,Massachusetts,58546,-104.344102,66.8347595
Tyler Berry,56,08567 Catherine Drives Suite 684,West Eric,Ohio,15831,134.089279,11.7865475
Linda Lee,35,64839 Joshua Trace Suite 294,Jamesmouth,West Virginia,82158,10.176688,18.6229185
Adam Crosby,24,88769 Michelle Heights,North Austin,Oklahoma,64607,-134.792945,-35.988628
Richard Page,74,5828 Ray Lane,North Ronaldmouth,Idaho,77378,2.690448,-58.356265
Austin Miller,76,660 Davila Ports,South Bradleyport,Montana,02043,175.927769,-74.2904675
Jeremy Wang,45,446 Green Track,West Terri,Montana,21372,55.285286,69.2113385
Corey Russell,73,22505 Holmes Meadow Apt. 117,Wrightville,Ohio,92587,-67.556171,35.978356
Edward Sullivan,37,08274 Erica Camp,South Anna,Colorado,11346,-31.737072,85.6624935
Craig Savage,18,2290 Howard Brooks,Cynthiaport,North Carolina,44539,62.193866,-40.6724375
David Morris,54,2996 Kristi Forest Suite 554,Williamsshire,Arizona,04849,143.232428,61.9208665
Shelly Mitchell,33,7725 Yolanda Flat,South Jimmy,North Carolina,93195,-111.657879,-68.6073465
Michael Hall,51,372 Calderon Squares,New Leslie,Virginia,49817,-135.095903,-70.5926685
Charles Petersen,75,5718 Darren Forges Apt. 619,New Patriciaside,Oregon,26334,-35.599378,75.306012
Miss Michelle Buck,25,336 Nash Station Apt. 439,West Samuelborough,Tennessee,30472,97.809964,-15.729917
Brenda Contreras,68,53221 Dougherty Cliff Suite 598,Williamsside,Arkansas,85864,27.500254,17.959216
Kayla Ryan,73,049 Castillo Square,South Pamela,Nebraska,87943,140.311423,76.1952605
Christopher Patton,76,9033 Taylor Roads,North Cheryl,California,76247,111.803281,-30.960744
Jane Weaver,36,3360 Angelica Expressway Apt. 539,Aaronhaven,Kentucky,87813,54.490297,46.758194
Jonathan Parks,41,829 Misty Port Suite 768,Cooperfort,Vermont,79247,-71.460937,20.100698
Carrie Thomas,33,37640 Andrew Hollow Suite 627,New Meghanton,New Hampshire,53910,-128.321419,1.7042365
Taylor Brown,48,1680 Kenneth Estate Suite 692,Amandaborough,Kansas,41964,-75.096233,-42.240842
Charles Gray,36,731 Phillips Course,Johnsonland,Nebraska,06054,-56.779267,-39.8573945
Mary Martinez,37,654 Coleman Shoal,Lake Kevinborough,New Hampshire,70326,-59.226502,-32.4930485
Jennifer Avila,49,2150 Sims Ford,East Karenchester,Mississippi,23606,34.307452,-29.762805
Christopher Rangel,24,28238 Leslie Landing Suite 969,North Philipstad,Nevada,44260,37.308736,-73.9716585
Nicolas Lozano,35,330 Lawson Plains Suite 600,Arnoldtown,Georgia,46616,-11.414553,-82.893495
Linda Diaz,78,6532 Rebecca Brook,Markmouth,South Carolina,70104,7.293857,74.021660
Kevin Richardson Jr.,41,4060 Edward Expressway Suite 854,North Brianna,South Dakota,26020,-18.568616,-67.915204
Melissa Chung,24,1247 Paul Trail Suite 253,Adammouth,Maryland,18933,2.584883,80.519096
Isaiah Lindsey,41,96950 Jensen Stravenue,Brianton,Nevada,83549,-112.585088,74.7500455
Rodney Baker,51,109 John Lights Apt. 283,Mollyshire,Iowa,76759,-23.669366,-0.454561
Martin Bates,63,73153 Donovan Plaza,Kellymouth,Wyoming,38372,-153.536205,26.1164025
Jeff Holland,55,571 Steven Hollow,South Edwardstad,Pennsylvania,57339,135.002063,-3.7356105
Susan Nunez,26,7870 Sullivan Trace,Craigfurt,New Jersey,11726,-8.199118,-89.815476
Brianna Miller,24,2430 Michael Shoals Suite 496,Port Matthew,Maine,86451,-65.237866,-79.555866
Jeffrey Wright,31,3363 Andrews Route,New Christopher,Delaware,87346,-174.288929,26.857693
Catherine Fox,71,8800 Roberts Mall Apt. 217,Lake Frederickfurt,Wisconsin,39319,94.413226,-2.9452815
David Peterson,36,286 John Rest,West Anita,Texas,19155,4.356390,38.3088515
Susan Shannon,79,86546 Gary Highway Suite 770,North Bradleyville,California,65692,-74.710864,-37.5360365
Kelly Jackson,52,97360 Allison Rest Apt. 003,Chungberg,North Carolina,76340,124.004167,-68.2306465
Warren Fischer,57,4879 Amy Stravenue Apt. 485,Jonesport,Tennessee,85751,140.264844,-32.463648
Taylor Murray,57,32291 Pierce Cove,Port Seanfort,California,91708,-166.842160,23.8797615
Henry Cooper,34,92362 Rodriguez Isle Suite 658,East Sara,Alabama,15547,-47.738800,-28.776634
Michelle Cook,40,3053 John Place,Stevenland,West Virginia,08689,32.404308,63.782980
Keith Snyder,25,851 Fields Rest Suite 439,New Dawnshire,Vermont,81187,85.286306,83.451340
Scott Thomas,25,979 Baker Ford,Sydneymouth,Illinois,20512,12.589030,-31.5818085
Lisa Terrell,50,08074 Lowery Locks Suite 315,South Melanie,Iowa,28086,-61.176864,17.4527085
Jeffrey Bryant,43,914 Watkins Parkway Suite 886,Maryport,Virginia,04437,-31.022662,-86.975906
Christine Terry,23,07296 Meyer Motorway,Matthewberg,West Virginia,20535,-75.558902,-16.812817
Rachel Moore,61,0854 Moore Course Apt. 707,South Jamiefort,Maryland,23859,134.051751,-57.1191715
Gabrielle Jones,52,705 Wilson Pass Suite 255,Castillostad,Utah,83570,79.316713,75.5386475
Samuel Hughes,35,0201 Walker Valleys Apt. 653,Henryton,Oklahoma,76581,-104.941188,30.047634
Kayla Lewis,55,6982 Cindy Hills Apt. 808,Bryantfurt,California,53402,52.590113,77.7956235
Joseph Anderson,27,164 Brent Loaf Suite 994,North Jasonburgh,New Hampshire,66237,6.936240,75.0376385
Erica Lewis,36,81591 Wilson Drive Suite 581,Bishopview,North Dakota,66731,1.559214,-63.8146135
Cindy Harris,56,411 Nancy Squares Apt. 195,Brandyside,West Virginia,70163,-73.779551,-20.885497
Katelyn Green,75,30894 Sheila Avenue,North Melinda,Florida,25720,137.624630,26.254743
Kari Harrell,61,895 Terri Harbors Apt. 235,Desireeburgh,New Jersey,36204,1.595163,-87.9145245
Crystal Goodwin,43,614 Murray Forest Apt. 469,East Lori,Colorado,84158,11.295799,4.163415
Christine Perry,59,7775 Logan Ridges,Andersonport,Oklahoma,56400,-132.538189,10.451991
Taylor Brown,46,36132 Mills Avenue,West Markland,New Mexico,04869,88.055755,27.0036435
Lauren Pittman,69,8321 Holmes Cliffs,Lake Keithhaven,Arkansas,68473,-88.891884,-85.0538155
Jamie Jones,56,55267 Chelsea Track Apt. 062,Cheyenneton,North Dakota,86336,-132.108072,-76.047453
Kelly Hamilton,65,9732 Joseph Mission,Port Matthewborough,South Carolina,13520,4.805378,-21.685671
Andrea Richardson,24,7936 Orr Falls,Lake Nicole,Idaho,61973,-72.943847,-59.144054
Heidi Sherman,33,38279 Thomas Glen Suite 623,South Davidborough,Oklahoma,81748,-173.455173,18.0833265
Jennifer Bishop,46,068 Anthony Street,Robinsonside,Mississippi,34159,-149.249628,-66.7226285
Justin Delgado,40,3573 Alexander Falls Suite 940,Clarkport,Alaska,42380,94.767951,-18.2109495
Teresa Hendricks,27,0283 Daniel Square Suite 964,Munozport,California,82878,6.617983,-38.986480
Ronald Anderson,79,07339 Jason Extensions Suite 726,Robertview,Iowa,53645,-132.295604,88.579781
Cynthia Gregory,53,154 Calhoun Plaza,South Kenneth,South Carolina,85822,86.378855,-11.372578
Michelle Harris,34,91383 Robert Bridge Apt. 783,Fernandezshire,Vermont,40078,-25.549865,-23.391797
Gavin Moore,20,4711 Gordon Passage,Wilsonfurt,Utah,35091,-91.804750,78.671046
Barbara Singleton,64,9271 Clark Field Suite 192,Sullivanmouth,Illinois,13675,13.859095,-82.5180675
Joshua Harris,63,8301 Jarvis Place,West Racheltown,Rhode Island,76428,-112.933860,-70.6803265
Kenneth Mccoy,40,8352 Jennifer Lodge,Kevinville,Alaska,84101,144.691490,15.0756395
Courtney Velasquez,77,138 Townsend Mountains Suite 146,Carrollshire,Ohio,92924,-123.419468,-24.728168
Melissa Wright,48,903 Marcus Parkways Suite 000,Martinshire,Wisconsin,79107,138.741551,-86.3006755
Mark Bell,40,769 Lisa Crest Apt. 713,Sherriland,Illinois,64546,-163.350581,-13.180542
Tracy Carpenter,79,08947 Allen Cliff Suite 456,East Matthewmouth,Kentucky,35272,127.453130,51.2960335
Brian Chapman,25,346 Amanda Stream,Patrickland,North Carolina,56733,116.305917,28.864328
Ruth Johnson,34,6816 Martinez Port Apt. 202,Bradleyborough,Illinois,12281,46.471422,20.3443355
Kim Mcguire,29,74286 Davis Forges Apt. 978,East James,Kansas,75167,-119.065325,-36.2474085
Brittney Garcia,42,449 Mark Greens,Paulside,Florida,22912,36.062487,38.033415
Andrea Leon,18,6123 White Inlet,Lake Mark,Massachusetts,35997,155.522919,16.436656
Tyler Strong,22,1656 Cory Mews,West Christopher,Pennsylvania,28937,-69.484406,6.375324
Charles Hunter,76,59235 Roger Vista Suite 460,Robertland,Arkansas,31983,43.535594,75.2999115
Heather Mcintyre,35,33629 Hernandez Causeway Apt. 881,East Michael,Connecticut,15141,-143.112221,-89.1520155
Christina Watson,22,057 Davis Manors,South Staceybury,Mississippi,73090,66.381835,35.284449
Jeffrey Welch,79,776 Amber Glens,Johnbury,Minnesota,57045,-29.054071,-47.2064945
Diana Wallace,78,241 Hunt Village,Port Tyler,Oklahoma,44958,-160.596666,65.8762135
Jennifer Robertson,59,74811 David Wall,Andrewfort,Alaska,56878,95.627617,10.354372
Margaret Rogers,52,591 Porter Viaduct Apt. 980,North Derrick,Idaho,61962,129.130466,28.3079495
David Brown,57,725 Thomas Mews,Emilyfort,Alabama,62935,-42.106553,-82.584231
Kristen Stephens,22,3945 Holmes Roads,Lake Sarahhaven,Idaho,90284,130.878613,69.4863775
Robert Alexander,69,33399 Lee Gateway Suite 788,South Mikayla,Indiana,02298,-1.927355,17.710979
Tammy Mitchell,32,8134 Stephanie Mission Apt. 020,Donaldfort,Montana,03601,131.784610,25.2148325
Lisa Johnson,54,57793 Smith Island Suite 112,Maddoxstad,New Jersey,58104,-176.446383,-63.060863
Zachary Mcdonald,32,3930 Brewer Mountains Suite 147,Jonathanville,Vermont,48720,-130.746149,43.4681815
Brandon Guzman,61,008 Oliver Spring,Hatfieldfurt,Mississippi,90966,-31.751967,-49.8141255
Christian Griffith,79,898 Torres Creek,Lloydtown,Iowa,56182,52.533625,28.382988
Kenneth Foster,39,423 Mahoney Bypass Suite 331,New Meghan,Washington,77108,22.994252,79.468868
Randall Estrada,31,249 Johnson Brooks Apt. 665,West Nicholas,Alabama,41659,129.609565,42.1369495
Jennifer Keith,47,63409 Dana Branch Suite 641,Cherylberg,Maryland,04247,179.271764,71.6768345
James Gonzales,61,33422 Johns Glen,Port Nicole,Washington,55510,155.129965,27.9212135
Alexandria Santiago,52,274 Peck Terrace Suite 095,New Jamesborough,Mississippi,86015,55.996674,46.2544205
Connie Ortega,76,6014 Alvarez Cliff,Ariasport,North Dakota,15913,118.096497,-40.0723755
Colleen Mills MD,23,8946 Bernard Stream Suite 468,North Sydneyport,Alabama,58388,60.048398,44.398611
Brian Crane,67,84935 Alicia Gateway,Mendozatown,Georgia,34603,17.731706,-84.0824545
David Carney,58,56522 Adams Alley,North Austinhaven,Illinois,36759,-169.826641,-79.142323
Melissa Li,56,06427 Vanessa Lakes Apt. 429,Henryhaven,Virginia,87493,-114.443431,33.513882
Jessica Reed,47,066 Allen Garden Suite 592,Markton,South Carolina,90822,10.386494,-75.498180
Melissa Glenn,52,15135 Gregory Mountains Apt. 778,South Brandiside,California,89663,-34.457868,-66.869221
Kristin Fleming,58,98145 Franklin Plaza,West Jenniferberg,Wyoming,41441,-136.757659,-76.4294885
Eric Jones,35,9754 Doyle Mission,New Angela,Ohio,82038,-166.520990,-13.773025
Michael Mccoy,79,7415 Hill Manor Apt. 102,Nicoleside,New Mexico,78736,149.036309,-11.9965515
Brian Frederick,23,580 Black Rest Suite 947,Cummingschester,Ohio,04478,-143.904510,-46.6285665
Jeremiah Webb,52,76448 Kevin Route Suite 349,Jonathonside,Texas,25671,-113.313220,-77.3976465
Melissa Mendez,74,7492 Catherine Tunnel,Pamelaborough,Hawaii,27156,-50.133378,18.180129
Alan Mcknight,71,040 Welch Flat,Davidbury,Montana,14938,154.596380,-48.3148335
Dylan Myers,51,9049 Flores Brook,Lake Henryland,Mississippi,94027,175.413134,-43.213587
Richard Morris,33,3406 Kelly Rapids,West Debbie,New York,39063,-21.554598,55.531573
Brooke Weber,63,0965 Julie Unions,New Meredith,Delaware,12208,36.393146,88.5353255
Sharon Ramirez,62,561 Gallagher Burg,Baileyside,New York,17898,73.579136,66.5627805
Ms. Danielle Allen,22,498 Jonathan Ferry Suite 410,Haileyview,West Virginia,30015,-137.761517,-38.963999
Peter Harris,60,85108 Reed Lane Apt. 005,West Julieton,Alaska,89090,-131.845353,83.615597
Lori Davis,43,4374 Michael Shore Suite 668,South Kenneth,Pennsylvania,70047,99.686647,83.6553295
David Evans,27,2477 Patrick Islands Apt. 038,Port Stephen,Delaware,75213,63.661786,32.3081925
Deborah Foley,64,4090 Deleon Vista Suite 622,Davidburgh,Kansas,22745,174.100682,-51.4724775
Kristen Hawkins,52,498 Brian Via Suite 578,Newtonchester,Michigan,85169,-170.060973,-66.9153135
Edward Mitchell,34,89776 Megan Common,Lake Jessicashire,Delaware,43394,-143.178681,-68.8634075
Katelyn Gordon,72,60966 Wyatt Terrace Apt. 679,Victoriafurt,Colorado,83634,12.126326,55.2456555
Brian Huff,59,478 Donald Gardens Apt. 307,New Brucefurt,California,15831,-176.112659,-64.9452445
Joseph West,38,7303 Larry Corners,South Miguelborough,South Carolina,02159,10.368414,83.396274
Laura Wiley,75,21196 Kimberly Orchard Suite 349,East Denisefurt,Idaho,59157,-67.152860,49.304725
Keith Liu,21,203 Raymond Brook,Stacieborough,Washington,60265,-104.611194,-28.7726105
Christopher Garrison,32,95655 Gilbert Drive Suite 056,West Johnmouth,Rhode Island,26843,-4.419589,-44.9678395
Jonathan Hoffman,45,16165 William Plaza,Port Richard,Wisconsin,27090,64.197233,79.9625645
Sabrina Chambers,52,77952 Sarah Bypass,Lake Kenneth,Kentucky,79989,-24.903523,44.1260535
Mary Williams,58,0726 Elizabeth Circles Apt. 304,Ricardoview,South Dakota,14873,43.305259,-79.0388445
Kathy Jackson,49,7271 Matthew Ports Suite 090,Jaredland,Pennsylvania,48393,-88.147975,46.4385015
Angela Shaw DDS,30,440 Sarah Terrace Suite 043,East Jessica,Minnesota,80868,43.614226,87.0698425
Alex French,70,2588 Watts Mountains Suite 661,Wardtown,Florida,42342,-167.105209,85.9581275
Albert Peterson,43,561 Bryce Ford Suite 980,New Danielle,Wyoming,73447,-79.921696,29.631020
Ashley Adams,20,930 Jordan Expressway,Dustinside,Rhode Island,31290,105.537453,46.607436
Kelly Nelson,67,83611 Joshua Mountains,East Tiffanyborough,West Virginia,98538,-99.337390,10.663682
Cynthia Graham,48,461 Corey Lodge,Smithville,Pennsylvania,44084,159.153489,68.5337735
Jeremy Glover,34,986 James Estates Apt. 463,Copelandside,Maryland,79680,85.387046,-64.872700
Tracy Frye,30,2218 Lee Hills Apt. 709,Michaelport,Hawaii,99480,42.394272,-51.1866635
Michelle Solomon,75,62972 Barker Expressway Suite 611,West Shannon,New York,58594,121.241651,-53.9988745
Misty Duncan,51,18010 Boyd Rue,New Patrickfort,North Carolina,49350,77.551394,-54.0354605
Allison Faulkner,53,3385 Eugene Lakes Apt. 192,New Brandon,New Jersey,44433,109.536667,-5.0338115
Mr. Thomas Melendez,33,144 Jillian Gardens Suite 801,New Natalietown,Alabama,15230,-5.736697,-75.6251045
Alexis Hernandez,38,80262 Roberts Trafficway,Port Jacob,Vermont,96858,-179.945427,-30.3210145
Joe Burton,64,6291 Romero Summit,New Barbara,Kentucky,85373,-164.818942,83.9500615
Gregory King,72,387 William Avenue,Lake Jayville,New Mexico,07977,52.289936,-5.1799415
Samantha Jackson,44,1036 Krista Roads Apt. 675,North Brian,South Dakota,23469,69.894875,52.332878
Charles Cervantes,57,952 Kelley Walk,Anthonyville,Hawaii,60537,-49.551189,30.3339615
Natalie Fletcher,28,3698 Wolfe Radial,Port Brett,Nebraska,23559,147.659091,38.424923
Laura Miller,27,97486 Michael Lake,West Christianborough,Wyoming,71156,-71.447329,-17.2364855
Alicia Mendoza,25,4578 Valdez Mount Apt. 673,Kimberlyshire,Vermont,49345,122.807306,-37.7163405
Julie Roberts,69,991 Mckenzie Plaza Suite 273,Joycefurt,Idaho,77409,59.856246,64.3199825
James Gould,55,26851 Clark Port Apt. 030,New Jonathanmouth,New Mexico,85883,-63.314573,-85.6108945
Sara Jensen MD,37,0463 Cynthia Mount Suite 853,South Edward,Wyoming,96114,32.144928,-19.1958305
Katie Cross,41,237 Melissa Extension Suite 568,Hernandezstad,South Carolina,87940,109.326059,29.4832315
Ashley Pearson,49,484 Hutchinson Corner,Lake Greg,Kansas,03410,160.082700,-58.382811
Glen Villanueva,24,3955 Molly Valley Suite 280,South Patrickside,New York,29830,-43.526018,22.295578
Briana Medina,40,04833 Bush Roads Suite 493,North Andrew,Maine,36365,11.474771,81.070593
James Young,19,95757 Michael Cliff Apt. 180,South Tarahaven,Kentucky,24867,-63.139481,-24.507151
Erin Huffman,69,803 Gonzalez Underpass,Port Brandonfurt,Ohio,37768,144.949335,-73.558122
Raven Goodwin,27,815 Eric Park Apt. 446,Port Kim,New Hampshire,85639,-34.006944,-56.582842
Michael Henderson,40,3881 Mcpherson Square Apt. 575,Peckview,Louisiana,98216,1.749464,-34.330482
Ronnie Ortiz II,18,837 Andrew Squares Apt. 196,Lake Michael,South Dakota,03794,67.398411,-34.7660605
Dillon Williams,27,9150 Ramirez Roads Suite 027,Port Mitchell,Massachusetts,12691,-4.389854,20.618728
Leah Wheeler,49,1542 West Key,Port Elizabethhaven,Montana,78240,22.409953,29.1493955
Patrick Lane,42,785 Allen Stravenue,Jenniferville,Oregon,23261,-131.513657,75.463247
Mr. Victor Orr PhD,52,9564 Victor Lake,New Markburgh,Pennsylvania,25734,-72.921679,81.3384425
Andre Pineda,29,618 Sanders Viaduct,East Joshuastad,Georgia,80741,108.664821,61.3642415
Jeanette Frey,37,485 Kimberly Spur Apt. 849,South Hannahland,Massachusetts,73225,101.605817,-11.593298
Danny Davis,32,5231 Dickerson Road Suite 142,Bishopstad,Maine,89127,2.739568,-25.883954
Stephanie Gonzales,62,127 Farmer Station,Port Raymond,Oregon,16983,-155.904632,86.978957
Jerry Juarez,38,20305 Shelly Unions Suite 029,Jonesshire,Massachusetts,94863,159.813388,87.5000495
Dr. Willie Moyer,35,752 Kyle Mission,East Ryanport,Texas,13445,-96.230486,86.281255
Jessica Hall,54,17761 Joel Drive Suite 462,Port Sarah,Texas,70906,-18.027313,6.1417535
Barbara Johnson,70,37729 Susan Inlet,Camposmouth,Wyoming,24066,83.555363,66.6366515
Heather Jones,36,00723 David Pass,Andreaton,Florida,67568,-168.538822,-19.7131145
Dr. Steve Ashley,43,320 Cortez Plaza,Davishaven,South Dakota,22176,-158.721582,-55.853783
Audrey Jones,75,7458 Karen Stream Apt. 557,Lake Melaniefort,Florida,64662,-33.141825,38.480796
Cynthia Wood,34,07164 Lee Common Apt. 588,Port Henry,Utah,09300,124.880528,-0.811736
Richard Stein,52,54638 Clements Green Apt. 688,Kelliborough,Missouri,81920,31.992731,-85.267109
Shannon Mack,78,1719 Douglas Pass Apt. 830,North Susan,Missouri,50777,-176.288677,34.554235
Melissa Camacho,63,049 Eric Grove Apt. 685,Danielfort,Nebraska,30872,-164.912603,-64.8949115
Madeline Fuentes,25,27206 Nichole Streets,West Timothy,Alabama,04505,-8.955566,3.5054685
Jonathan Sparks,19,7965 Hunter Walk,Alexanderhaven,New Hampshire,35274,-176.624887,-36.3689255
Brian Gonzales,71,6778 Sandra Track Suite 598,North Darlene,Oklahoma,62465,12.559561,-85.3580475
Devon Smith,61,7633 Medina Island Apt. 066,Sanchezland,Nebraska,94029,-6.979137,2.424904
Vanessa Goodwin,46,3827 Kevin Hills,Mccoyport,Nevada,87836,103.948598,37.1491685
George Bradford,26,51490 Bowen Forks,East Micheleside,Arkansas,31574,81.969821,-2.8352765
Jacqueline Chapman,55,6974 Thompson Key Suite 475,Lake Devonburgh,Massachusetts,60807,-0.785770,-72.033911
Michael Peters,38,9568 Daniel Club Apt. 112,Lake Stevenport,South Dakota,07440,-152.474849,-30.049022
Randall Holmes,52,6394 Amy Freeway Suite 586,New Makayla,New Hampshire,90853,-49.075753,-36.8821995
Jeffrey Dennis,55,635 Sylvia Inlet Apt. 711,Thomasburgh,Tennessee,54029,76.612816,68.7615845
Kevin Bradley,55,224 Johnny Plain,Lake Heathershire,Iowa,75739,141.162690,18.009097
Jennifer Carpenter,65,25570 Drake Islands,Port Barbaramouth,New Hampshire,30341,-167.639182,6.332166
Tyler King,48,38395 Michael Coves,Burnsside,Wyoming,36143,115.768561,-63.7255325
David Hall,63,6385 Riley Turnpike,West Deborah,North Dakota,90087,-156.768885,-22.5036595
Andrea Owens,70,6663 Douglas Divide Apt. 658,New Hannah,Nebraska,45779,-80.975110,58.5830945
Karen Stuart,73,95352 Cynthia Gardens,West Amanda,Georgia,74097,92.045775,19.902909
Connie Powell,37,666 Bridget Vista,East Jamesburgh,Washington,00753,-23.935605,-80.537950
Emily Ellis,34,855 Anne Locks Suite 822,Richardsonmouth,Maine,82936,35.667349,41.7913575
Eric Burnett,76,324 Joe Cliff Suite 071,Lake Ginamouth,Alabama,06827,-111.133295,-31.245348
Richard Hernandez,80,4456 James Cliff Suite 950,Gravesberg,Oklahoma,40187,47.242648,19.8197125
Angela Gardner,19,678 Helen Court,Abigailberg,Rhode Island,88234,157.784175,38.947712
Randall Newton,30,4185 Mckinney Crossroad,Gregoryside,Minnesota,16386,-32.508648,2.930719
Jared Cameron,21,7410 Michelle Pines,South Christophermouth,Maryland,70738,-81.871006,-0.8060825
Jeffrey Baker,43,484 Kemp Junction Apt. 161,East Dylan,New Jersey,80936,98.738992,-68.8155385
Patricia Collier,77,18734 Buck Bridge,North Michele,Indiana,25907,-115.694780,53.190711
Erin Howell,64,0009 Tammy Streets Apt. 227,Lake William,Louisiana,08153,-138.165715,-45.0347175
Bob Nelson,23,9567 Munoz Streets,Rodgersbury,North Dakota,61069,175.569748,-82.0040585
Manuel West,44,37364 Brittany Forks,Stacychester,Oklahoma,52624,-40.241407,37.221703
Jennifer Gomez,74,694 Marissa Causeway Suite 908,South Terri,Oregon,87275,147.152929,-81.7184405
Kimberly Frazier,30,2500 Heather Route,Perezbury,Colorado,23269,136.718244,-87.1623255
Lance Huffman,66,89528 Ramos Court,East Daniel,Florida,61268,-82.139121,52.4972625
Scott Hernandez,33,076 Warner Circles Suite 016,Port Thomaston,Hawaii,65412,-108.763807,42.980254
William Mcgee,66,123 Amy Fall,Randolphmouth,Pennsylvania,69595,-99.430473,19.888290
Monica Hess,67,693 Marie Island Suite 611,Foxview,Oklahoma,13412,-179.831041,-62.2743035
Victoria Hall,68,3583 Megan Crescent,New Nicholas,South Dakota,90911,77.154622,37.004975
Scott Hernandez,31,966 Rachel Ferry Apt. 012,East Nathanielshire,Alaska,46949,75.807099,54.094240
April Berger,20,70312 Kimberly Greens,Lake Juanland,Wisconsin,32730,2.109908,-11.4201925
April Hall,65,64109 Jonathan Stream Suite 538,Mullenberg,Kentucky,53494,-61.520798,86.3630895
Bethany Prince,54,159 Timothy Locks Apt. 792,West Scottshire,Pennsylvania,97456,7.309559,80.6230115
Christopher Randolph,63,4231 Emily Land Suite 243,New Daniel,Maine,26876,-156.245493,50.551768
Zachary Nicholson,70,8746 Jerry Center Apt. 692,West Andrewport,North Carolina,38052,-102.284677,-40.750496
Carrie Young,29,366 Brittany Coves,New Oliviaberg,Kentucky,27368,42.909044,4.192164
Gabriela Savage,54,69228 Justin Expressway Apt. 075,New Tyler,Rhode Island,02828,-43.099055,1.1154465
Melinda Walker,56,15927 Daryl Island Apt. 496,Port Christopherberg,Utah,66370,72.339211,14.5261045
John Martinez,79,761 Rivera Ridge Suite 236,North Sarahfurt,Ohio,36154,45.948516,39.6754845
Michael Jones,63,662 Robyn Plains Suite 473,Lake Andrew,Iowa,23316,-53.838129,-37.4267945
Wesley Berry,76,053 Robert Keys Suite 444,Karenfort,Oregon,64554,-114.803565,-8.885629
Sherry Hall,72,747 Adkins Ridge Suite 085,Davidstad,Maine,50401,55.805949,89.3895205
Sharon Trujillo,27,8957 Kevin Knolls,Robertton,North Dakota,15064,-61.119050,82.666065
Krystal Sullivan,45,7612 Smith Road,Shannontown,Colorado,84030,-174.360590,-85.283675
Billy Hill,29,9612 Rosario Ridges Apt. 246,Port Crystal,West Virginia,70630,94.415737,1.943467
Antonio Wilson,39,825 Clark Stream Suite 522,Port Deborah,Oregon,83410,-147.887018,-28.3049615
Ricardo Foster,61,1524 Aguilar Track Suite 349,Johnsonhaven,Virginia,88740,124.676195,47.5978775
Wendy Jones,25,1356 Anderson Center Suite 957,Mccarthyhaven,Connecticut,85174,64.681053,-38.3068775
Christopher Smith,24,54185 Mary Stream,West Beth,New York,11897,-158.896367,75.4963085
Katherine Wolf,60,22797 Valerie Terrace,Angelamouth,Michigan,38802,-87.681715,15.2295735
Kimberly Welch,20,57452 Robinson Rapid,East Ashleyshire,Virginia,73053,14.542119,13.085941
Hannah Small,23,76312 Jose Radial,Lisahaven,Indiana,69649,-71.221099,23.8621625
Adam Thomas,61,0262 Sarah Vista,Phamchester,Oregon,67730,18.257863,51.653803
Joyce Warren,26,7024 Derek Rapid Apt. 199,Prattstad,West Virginia,02891,69.184248,-52.980417
Joshua Newton,52,5585 Troy Curve,South Dwayneville,Minnesota,17585,-80.152786,-86.4476575
Devin Mcdonald,61,99292 Tonya Village Apt. 019,South Adam,South Dakota,89167,-78.833139,30.2571235
Terri Hood,73,22683 Megan Flat Apt. 741,Grahamburgh,Massachusetts,69868,-48.804514,29.105415
Mr. Mark Hernandez,40,129 Green Mill,Hillmouth,Kansas,82412,62.423440,65.428917
Michael Rogers,19,4415 Flores Manor Suite 874,East Thomas,North Carolina,48029,-15.427048,-8.989238
Shannon Sutton,40,0188 Crawford Village Apt. 550,Paulaton,Connecticut,58159,98.033203,50.041530
Jack Sparks,35,8485 Johnston Avenue Apt. 158,Taylorside,Oregon,17104,90.028521,6.6275425
David Bernard,48,8214 Anderson Corner,Bergport,Massachusetts,88626,-160.647443,-25.2438325
Nathaniel Jimenez,44,413 Kathryn Drives Suite 407,Castilloland,Oklahoma,77115,-37.507706,-79.3160445
Joshua Good,21,8559 Edwards Road,Meganhaven,Massachusetts,37295,41.858680,84.6593295
Annette Ball,53,188 Gibbs Lake,Marychester,Illinois,63019,121.212456,30.0755945
Lisa Stokes,72,561 Jessica Divide Apt. 970,South Austinport,Florida,22267,-70.311022,-76.3702255
Nicholas Thomas,65,09202 Carter Well,South Casey,Texas,89982,97.863624,-68.7018795
Jennifer Harding,23,8594 Adam Groves,New Wandatown,Texas,40017,-167.958567,-78.4567665
Joshua Hampton,30,980 Harris Fork Apt. 648,New Travismouth,New York,86631,-170.851264,5.3553915
Zachary Taylor,75,45948 Ronald Plains,Jennaborough,Alaska,68224,-31.679002,7.6680285
Richard Benson,72,916 Morales Brook Apt. 439,Andersonville,Michigan,14690,22.012615,-89.638966
Desiree Solomon,42,7278 Christopher Mountain Apt. 538,East Kelly,Connecticut,45420,-12.419640,76.814502
Bailey Taylor,63,4130 Jacob Prairie Suite 857,Kleinstad,Colorado,76910,-135.100289,58.812754
Elizabeth Everett,56,409 Stephens Dam,West Brianmouth,Nevada,05975,-151.690291,46.6734975
Joseph Lee,47,54131 Young Manor Apt. 109,Jessicastad,Tennessee,56510,161.249019,-47.0022045
Alexander Robertson,77,65230 Michelle Grove Suite 735,Watsonland,California,95897,-99.510788,79.769509
Gregory Thomas,32,85247 Schmidt Springs Suite 429,Patriciaport,Kentucky,11430,71.575320,-60.369473
Michael Mcdowell,80,270 Ward Ridges,North Josephton,Minnesota,98611,-82.861252,-49.2086035
Miranda Becker,49,2154 Mccoy Lodge Apt. 745,Sherryberg,Maryland,83322,-107.328644,-87.870505
Tony Morris,23,26098 Caleb Dale Suite 850,South Teresaberg,Alabama,82484,-158.313330,84.1667815
Olivia Copeland,56,0698 Cummings Estates,North Dylantown,Minnesota,37931,-156.482818,73.991340
Derrick Ruiz,44,660 Christopher Plain Suite 584,Hollyshire,Oregon,53651,-151.040015,-84.598911
Sheri Simmons,23,924 Bray Lodge,Port Wendy,Georgia,16804,-76.958612,75.8386035
Michael Wright,80,0941 Anthony Rapid Apt. 354,New Richard,Louisiana,14276,-149.548198,-78.7282935
Mark Beck,36,37585 Brenda Court Suite 269,Millerborough,Hawaii,07104,-100.925709,45.9470295
Angela Cooper,45,4857 Shirley Vista Suite 963,Patrickview,Alaska,48289,-1.030288,-36.491835
Hector Mcbride,57,196 Brandy Overpass,Lake Lauriemouth,Georgia,86186,75.330054,18.5105365
Brandon Carson,78,63846 Mandy Port,Adrienneborough,Wyoming,80400,-59.471170,23.7744505
Lauren Macias,71,3296 William Drive,West Brittany,Massachusetts,39166,11.798867,-38.712314
David Frazier,76,34066 Harris Cape Apt. 457,Michaelchester,Tennessee,54654,18.311418,84.3539005
Dawn Hicks DDS,52,9313 Costa Junctions Apt. 750,Sandersmouth,California,15286,113.957024,-38.5169365
Angel Gordon,62,788 Janet Loaf,Rogersside,New Jersey,86617,-0.965183,-8.2977655
Melody Boyle,57,06444 Johnson Plains,Jonathanville,Nebraska,80587,91.990867,24.5122405
Jessica Sullivan,48,148 Tammie Center Suite 192,New Danielleland,Florida,37952,79.061540,86.403501
Dr. Paul Becker,45,977 Morgan Pines,Wilcoxfort,Michigan,59234,-150.500031,61.242995
Brianna Lee,48,65821 Armstrong Avenue Apt. 469,Mayville,Nevada,57388,-155.972176,-78.346887
Roger Pruitt,72,60906 Edward Harbors,Lake Donnaville,Arkansas,09879,92.403885,10.804028
Bonnie Foster,35,129 Alvarez Brook Suite 022,West Troyberg,Oregon,08864,-35.977122,-22.8246395
Daniel Davis,65,73750 Serrano Landing,Mariatown,Iowa,87725,-121.916344,45.267853
Jeffery Lawson,52,2108 Mary Vista,Alexburgh,Arkansas,15059,165.813700,71.7089295
Katelyn Shaffer,52,96170 Scott Route,East Joy,West Virginia,72396,85.647159,29.7968965
Tyler Hodges,37,8052 Paige Knolls,Jeannebury,Iowa,54788,-70.632472,6.7023365
Jesse Simmons,61,40317 Torres Drives Apt. 306,Anthonymouth,Washington,21467,75.310156,-6.9108995
Kimberly Walters,33,8649 Roth Loaf,East Garyport,Arizona,69180,-131.951472,-46.9829445
John Gardner,24,85703 Jackson Square,Port Kristinfort,New York,96770,-11.316176,85.1071005
Brad Nicholson,39,183 Steven Mountains,West Phillip,California,35460,48.424872,-19.512930
Christian Sutton,56,595 Massey Prairie,Johnsonmouth,Washington,81973,147.013203,-45.1010745
Anna Cummings,76,17606 David Trace,Lake Amanda,Maryland,55276,178.621192,-61.910203
Dustin Allen,35,150 Ochoa Mission Apt. 518,Port Christina,West Virginia,37188,-153.254228,-71.343731
Marvin Ray,53,47702 Graham Parks Suite 986,West Michaelfort,Florida,35259,-107.609235,89.9432795
Phillip Brown,78,2170 Jacob Fords Apt. 416,Christophertown,Oklahoma,28258,-80.633401,-6.796143
Katherine King,58,4676 Jeffrey Walks Apt. 483,Kennethhaven,Nebraska,06320,-20.002866,-65.547993
Michael Powers,42,0243 Goodwin Parks,West Charleston,South Dakota,91534,56.044895,-34.4832825
Scott Munoz,36,78012 Steven Port Apt. 419,Manningland,Vermont,08229,165.222898,-0.086090
Alexander Bowers,67,845 Watts Junction,Gonzalezview,Ohio,77864,86.433935,86.476108
Adam Wyatt,75,67383 Joshua Corner Apt. 846,Port Erik,Kansas,10798,21.204340,-54.880462
Kelly Miller,71,083 Warner Meadows,New Jamiemouth,Ohio,12176,54.081126,26.6452855
Sherry Fischer,56,50577 Peter Islands,West Jennifer,North Dakota,26912,-56.019642,72.325404
Alison Schneider,45,212 Collier Pass Apt. 382,West Kim,West Virginia,41996,53.459461,-58.604098
Desiree Macias,56,16218 Holly Union Suite 399,Karaberg,Georgia,94293,85.551994,-0.8126935
Lisa Cruz,29,787 Larry Parks Suite 646,Michaelfurt,Washington,17905,-100.284077,-75.5168055
Emily Brown,35,6986 Mccoy Crescent Suite 556,Mcphersonborough,Georgia,38771,97.980467,1.274486
Kelly Schneider,26,28594 Mark Views,Ericchester,Florida,08088,-76.645416,10.3473515
William Stewart,22,5484 Wall Mill Suite 908,New Christinebury,Florida,35658,-4.418672,-74.345490
Sheena Henderson,42,41088 Mcbride Club,West Randall,Washington,87015,60.584724,82.2519035
Russell Watson,32,45394 Allen Circle,Seanborough,Rhode Island,10632,-52.135611,28.749528
Duane Perkins,73,7845 Tonya Vista,North Mirandafurt,Hawaii,76390,-126.128137,23.4892165
William Smith,47,5007 Martinez Causeway Apt. 789,Katieton,Nebraska,60803,-116.451968,-51.5135105
Mary Schwartz,79,470 Ferguson Vista Suite 355,Nashmouth,Tennessee,36761,62.451346,32.317753
Brittany Powell,30,73013 William Lock Suite 109,East Alyssa,Kentucky,24664,157.787419,-13.5182725
Daniel Mcfarland,52,58003 Morris Underpass Suite 285,North James,Texas,00942,-160.297483,-80.493225
Cynthia Fisher,72,2696 Dana Trafficway Apt. 069,South Ritaton,Texas,21531,153.419959,-80.616965
Andrew Hughes,64,7313 Maria Row,Hernandezton,Rhode Island,78938,157.864185,2.278059
Casey Mahoney,78,92663 Lopez Drive,Port Alice,Wisconsin,09628,-55.912542,89.4437085
Bruce Schwartz,18,237 Micheal Circle,Avilaton,South Carolina,09259,61.981020,1.920181
Alexandria Ruiz,46,3533 Barrera Circle,Whitakerfort,New Jersey,01281,-101.956575,56.9393815
Joseph Oliver,42,8592 Alison Manors,Paulachester,Oregon,21720,-112.174865,27.4794905
Chase Scott,77,561 David Rest Suite 665,Nolanfurt,Pennsylvania,78068,-144.723864,-19.428689
James Phillips,47,2991 Tracy Stream Suite 220,West Sally,New Hampshire,01757,-93.268880,-60.6192965
Madison Estrada,78,81426 Lynn Club,Janeland,Georgia,09371,5.910072,6.6273185
Evelyn Garcia,53,58907 Cook Springs Suite 310,Boyerside,Texas,18238,177.161627,-27.9656705
Jillian Johnson,48,75255 Jonathan Forest Suite 793,Johnmouth,Texas,33734,23.032690,-20.4002155
Eric Ramos,72,7957 Jessica Point Suite 847,Port Alexander,Oklahoma,88744,126.637835,73.0983885
Tamara Ford,31,124 Wallace Lodge,Stevensville,New Jersey,41250,-123.446276,52.0760055
Shannon Howard,21,2518 Costa Crossing,South Patrick,Oregon,20764,-55.880882,9.8637955
Justin Gillespie DDS,52,75855 Justin Trail Apt. 888,Whitakerport,Ohio,65746,-115.529609,-89.9991535
Joshua Anderson,63,81082 Lee Wall Apt. 083,Wrightside,Oregon,39274,75.066952,-74.385629
Cory Williams,39,6235 Sean Land,West Lisa,Ohio,27736,-42.153965,18.2837615
Jerry Washington,33,166 Valdez Cliff,Lake Sandra,Pennsylvania,37544,-12.758803,20.1699195
Breanna Pruitt,71,514 Boyer Mall Suite 147,Martinezstad,Oklahoma,12812,-39.038205,86.2739345
Melissa Vaughn,28,42574 Michael Keys,Emmaland,North Dakota,57864,41.144580,58.125518
David Calderon,37,6507 Griffin Manor,Travisland,Georgia,14146,37.136269,69.033498
Matthew Todd,69,575 Peck Forks Suite 383,Kingshire,Nevada,76733,104.987604,24.933420
Patrick Liu,78,9660 Green Points,Lyonsborough,West Virginia,25913,-157.918957,-35.0555675
Jeremy Hughes MD,53,2669 James View,North Matthewfort,Hawaii,47384,63.728349,31.4806075
Aaron Webster,49,2180 Mcintyre Row,South Rebecca,South Dakota,43512,-97.903727,85.613772
Gerald Hess,57,966 Perez Skyway Suite 392,East Victor,Georgia,54257,92.074658,53.974677
Amanda Rogers,64,749 Castro Manors,New Dylanburgh,Arizona,12465,163.051639,-70.3476335
Jared Davis,44,413 Burch Drive,Jefferyton,California,40116,9.510540,48.792789
Warren Edwards,26,64090 Juan Via,West Carla,Maryland,55308,-93.455317,36.304166
Peter Ewing,37,8152 Manuel Park Apt. 360,Hallfurt,Missouri,23444,7.108443,-54.371747
David Taylor,39,03503 Charles Harbor,Christianburgh,Minnesota,02160,69.370817,58.217585
Destiny Holmes,66,42787 Mark Park Apt. 346,Martinburgh,Ohio,36478,-154.009396,44.027238
Brandon Horne,77,575 Daniel Islands Suite 811,Lake Vanessa,New Hampshire,99567,5.258455,68.924085
Jasmine Hernandez,33,82694 Karen Walk Suite 911,Ryanville,Tennessee,40406,26.377485,-54.3231045
Troy Rodriguez,57,99806 Stevens Lights Apt. 301,Lucasstad,Wyoming,12655,66.000237,-84.603025
Terrence Townsend,55,7902 Mark Junction,Lake Kennethfurt,Iowa,15710,123.626419,-43.3301595
Kimberly Henry,57,41121 Jeffrey Run,Wadestad,New York,56447,22.073273,44.5247345
Angel Williams,22,91103 Christopher Knolls Suite 475,Wilsonshire,Iowa,64856,-154.411020,60.6721175
Richard Dennis,46,09552 Matthew Passage,Lindseyshire,Arizona,30079,11.976393,15.1623745
Jessica Robinson MD,39,58832 Emily Extension,Ariasville,Montana,33126,-62.952908,19.0778335
John Perez,77,528 Sanders Orchard Suite 977,Matthewhaven,California,08256,-129.963189,-78.0751365
Louis Arnold,36,53980 Andrew Trace,New Steven,Kentucky,22817,-1.422897,56.9953385
Jenna Snyder,69,3869 Johnson Pines,Robertsville,Tennessee,06254,118.097346,-36.0710705
Kevin Pope,34,5615 Durham Extension,East Gary,Alaska,48780,-53.957780,-34.293804
Paula Reynolds,48,845 Kevin Highway Apt. 725,Katieton,Connecticut,70136,56.456910,-11.1408925
Jessica Francis,24,79088 Gonzalez Parkway,Terristad,New Jersey,96352,-105.739970,-72.190197
Shawn Price,39,886 Miller Skyway Suite 739,Juliemouth,Massachusetts,05384,-77.074375,51.9812965
Brian Riley,75,341 Sergio Junctions Suite 397,East Jacqueline,Kentucky,12460,-78.676851,-35.3161105
Elizabeth Mcdonald,74,1999 Michelle Loaf,Colechester,Wyoming,87133,-88.882093,33.104384
Samantha Schwartz,22,4041 Nancy Crossroad,South Joshua,Georgia,84424,-9.601269,-43.8976475
Richard Hunt,73,871 Tara Curve Apt. 194,Lake Michelletown,Montana,72633,38.495911,-61.8638965
Frank Mullen,20,222 William Pike,Port Victoriatown,South Dakota,79661,-68.566480,-88.095086
David Mayo,77,73352 Matthews Overpass,West Williammouth,Oklahoma,54993,-86.679493,88.0666315
Jason Horn,22,34143 Jeffrey Ville,Lake Joshua,Montana,09751,10.678735,-8.926503
Charles Patterson,30,288 Johnson Skyway,Port Stevenville,Maryland,15287,136.897235,-33.341234
Dustin Haney,53,961 Roy Brooks,Annamouth,Maryland,64823,-73.103566,-58.072033
Erin Chapman,65,4180 Sarah Lakes,Port Dawnburgh,Georgia,39780,62.119603,-53.528962
Gina Burton,31,60839 Aguilar Stream Suite 520,Jacksonport,Wyoming,59820,150.007662,-37.6343605
Brian Davis,37,287 Ashley Cliff,Hesterstad,North Dakota,64279,-98.739587,-75.599536
Julia Marquez,79,13478 Schneider Cliffs Suite 444,Murphybury,New York,43350,-158.430321,7.652417
Kevin Harrison,63,13682 Anthony Glens Suite 856,Lake Jenniferburgh,Alaska,27629,165.535666,-31.2424015
Megan Morales,34,4652 Parker Place,Mortonmouth,Missouri,31519,-109.040494,-5.1256665
Danielle Garcia,69,911 Wilson Curve Suite 682,Hornstad,Delaware,10785,49.910577,-46.510145
Steven Hunter,24,051 Herrera Fields,West Amberborough,Maine,15952,51.127509,4.1985235
Stefanie Martin,54,754 Garcia Pike,Lake Richardville,Missouri,95451,43.536391,46.5226735
Kristopher Mason,57,55051 Jonathan Alley Suite 084,Brandonmouth,Nevada,64598,90.131822,-79.0183355
Andrew Shelton,52,5472 Vaughn Hill Suite 586,Taylorbury,Oregon,70842,-152.184801,-26.3709365
Jill Nolan,56,188 Taylor Plaza,Heathershire,Alaska,06645,22.777533,54.3518185
Rebekah Fuentes,76,461 Rodriguez Court,Robertberg,New Jersey,51527,23.948489,-55.312902
Sandra Roberts,53,08494 Carson Manors Apt. 821,North Sarah,Iowa,64531,4.669878,13.057514
Kristina Davis,73,07402 Roberts Streets Suite 648,Patriciaview,Massachusetts,02743,-79.371593,58.188033
Teresa Mccarthy,78,441 Scott Tunnel Apt. 362,Lake Johnshire,Tennessee,58529,150.300868,59.4140495
Kelly Graves,26,456 Katherine Trail Suite 520,New Mary,Texas,33292,-103.095667,-31.583170
Natalie Pratt,46,91404 Samuel Lake,Lake Danaton,Washington,27900,-178.108421,14.008096
Jessica Wells,67,54428 Erica Overpass,Port Allisonland,Georgia,45071,-7.384398,-13.086470
James Gonzalez,30,44775 Juarez Rapid,Michaelhaven,Washington,46814,-61.107479,-8.2841165
Wendy Cook,32,36911 Barron Mount Suite 851,New Christopher,New Mexico,46431,-177.138650,-29.9621305
Ryan Stephens,37,4648 Schultz Summit Apt. 716,Pamtown,New Jersey,27091,127.314553,-84.0955465
Renee Ayers,66,19823 Miller Stravenue Suite 069,New Jameston,Kansas,26318,-14.988605,89.3593355
Devin Harrell,74,046 Jessica Forest Suite 123,Latashaburgh,Utah,18645,83.779842,-58.8623295
Hannah Whitney,39,81598 Scott Hollow,Shawtown,North Dakota,07510,-177.613308,14.914701
Robert Thompson,79,816 Alvarez Orchard,Sullivanville,West Virginia,91241,132.754911,-52.116038
Nancy Maxwell,56,6269 Marcus Springs Suite 853,Kayleeborough,Ohio,55452,89.570716,-71.0727865
Joseph Greene,24,3749 Aguilar Fort Suite 854,West Jacob,Maryland,56830,110.477105,40.552790
Edward Gilbert,43,209 Steven Light,Patriciashire,South Dakota,73324,9.875815,-53.6460595
Debra Mcfarland,30,01469 Ashley Fort Apt. 076,Grimeschester,South Dakota,98879,-134.157598,-79.960294
Tiffany Orozco,19,27619 Boyd Fort Apt. 393,Stephenview,Arizona,26844,-179.962838,-43.014152
Jamie Waters,50,3141 Linda Ferry,Davidport,South Carolina,59025,91.953714,29.0186775
Jesus Thomas,38,693 Park Island Suite 908,Richardston,Tennessee,84415,151.313880,-32.507805
Anthony Alvarado,48,0435 Petty Underpass Apt. 068,Charlesberg,North Carolina,72428,145.301350,-43.176457
Anthony Pittman,18,79311 Dean Isle Suite 750,East Jonathan,Pennsylvania,42541,-68.791413,-86.6311465
Erin Mcdowell,53,58622 Ruiz Pass,East Christie,Wyoming,07325,-68.444729,-47.761190
Jacob Barrett,44,6227 Clark Row Apt. 705,Jamesbury,Wisconsin,53458,30.510097,-20.713593
Martha Kennedy,24,667 Wiley Meadows Suite 136,East Julie,Rhode Island,49582,34.987914,87.685688
Paul Weber,37,74502 Nelson Stream Suite 983,Brandthaven,Arizona,30069,-133.553037,-78.1854645
Robert Luna,18,5584 Michael Path Suite 435,Lake Rebeccaville,Arkansas,92621,96.819217,31.589132
Gregory Taylor,61,4337 West Trafficway Apt. 543,Lopezfurt,Virginia,45091,-7.578990,56.814277
Shawn Marshall,58,85949 Bartlett Isle Apt. 823,New Maryshire,Texas,50230,-45.299308,-43.6413545
Sylvia Graham,44,36054 Melody Circles Suite 952,Gregorymouth,Kansas,53420,-61.782373,53.733947
Charles Andrews,31,7882 Catherine Cove,South Richardbury,Virginia,46128,1.170842,28.0719725
William Chavez,49,470 Jennifer Mountains,Jenniferbury,Montana,82081,30.676906,-7.378221
Keith Bryant,52,853 Glen Branch Apt. 338,West Andrea,Illinois,17736,-134.941803,53.1135575
Tyler Pearson,75,106 Bryan Burgs,Buckview,Arizona,36211,-71.505757,67.0938195
Claudia Bennett,79,7951 Kristina Haven,Jillview,Wisconsin,15740,-71.866615,-71.2144855
Sarah Norris,53,166 Robert Parkway,Millershire,South Carolina,23486,-158.459287,23.207333
James Smith,70,5921 Williams Plain,New Matthewfurt,South Dakota,26749,-139.060775,-34.113728
Dr. Melissa Lin,73,7607 Mary Coves Apt. 554,Kellyton,Michigan,95049,80.825608,42.577812
Dean Donovan,39,6023 Gonzalez Route Apt. 672,East Brianna,Florida,27910,-135.896443,-55.451280
Dr. Madison Johnson,70,4395 Nash Summit,South Kathleenmouth,California,89289,-14.645070,-77.1066615
Lisa Cherry,30,5629 Cook Forge Apt. 269,North Matthew,West Virginia,53811,144.700846,-11.7119225
Wendy Hayden,43,9545 Adams Prairie,Port Tylerland,Wisconsin,61543,74.495464,68.705354
Margaret Rose,19,7155 Villa Key Suite 351,Rileyton,Alaska,51511,-104.655826,89.9526595
Curtis Austin,66,672 Spencer Path Suite 994,Martinburgh,Arizona,75431,-25.886098,79.686874
Keith Barrett,73,138 Hamilton Ford,Lake Sarashire,New Jersey,62123,-90.220578,41.921714
Kyle Ford,64,0037 Cole Orchard,Danachester,Utah,15179,-9.005644,58.7587895
Brian Sanchez,56,43317 George Stravenue Suite 101,Port Lori,Ohio,19664,-10.758846,-72.3384655
Alec Wagner,18,5419 Heather Port,Jeremyborough,Utah,51589,-3.002627,59.1794805
Clifford Cooper,72,77908 Karen Lakes Suite 645,Lanemouth,Utah,66844,-54.814643,41.968850
Linda Mckee,55,456 Olivia View Apt. 103,Teresashire,Wisconsin,05203,-26.473731,13.4120635
Rachel Lopez,53,3222 Lisa Plaza,South Theresa,Arizona,75076,134.247679,-76.469835
Sara Baldwin,36,26064 Eric Ridges,Garzaland,Mississippi,19022,0.533389,3.4297525
Kathleen Thomas,64,8183 Johnson Row,Contrerasshire,Minnesota,16223,-99.443425,50.7866535
Lindsay Norman,61,2972 Lisa Squares,South Jessica,Maryland,68610,87.591738,38.180183
Christopher Hutchinson,23,47518 Bianca Islands Apt. 941,North Robert,Ohio,97718,103.415867,-8.345327
Tina Grant,25,36157 Gutierrez Circle,Margaretton,Nebraska,26451,143.048640,-46.9638085
Jessica Burton,25,05918 Rush Islands Apt. 905,Melissaburgh,Arizona,85798,-39.977537,34.8420045
